sku,month,opening_units,forecast_units,scheduled_receipts,planned_receipts,closing_units,stockout_units,reorder_point,safety_stock,order_up_to,months_of_cover,weeks_of_supply,unit_cost_usd,supplier_id,lead_time_days,order_placed_units,order_deferred_units,order_arrival_month,order_value_usd,deferred_value_usd,closing_value_usd,is_stockout,division,category,subcategory
BTR-1001,2026-09,28048.0,17206.0,0.0,0.0,10842.0,0.0,89037.0,28615.0,108118.0,0.52,2.3,6.7712,SUP-01,95,129990,0,2027-01,880188.29,0.0,73413.35,False,Indoor Growing,Mushroom Kits,Single Kits
BTR-1001,2026-10,10842.0,24099.0,28870.0,0.0,15613.0,0.0,89037.0,28615.0,108118.0,0.76,3.3,6.7712,SUP-01,95,0,0,,0.0,0.0,105718.75,False,Indoor Growing,Mushroom Kits,Single Kits
BTR-1001,2026-11,15613.0,31610.0,14628.0,0.0,0.0,1369.0,89037.0,28615.0,108118.0,0.0,0.0,6.7712,SUP-01,95,32640,0,2027-03,221011.97,0.0,0.0,True,Indoor Growing,Mushroom Kits,Single Kits
BTR-1001,2026-12,0.0,35942.0,32047.0,0.0,0.0,3895.0,89037.0,28615.0,108118.0,0.0,0.0,6.7712,SUP-01,95,0,0,,0.0,0.0,0.0,True,Indoor Growing,Mushroom Kits,Single Kits
BTR-1001,2027-01,0.0,16603.0,0.0,129990.0,113387.0,0.0,89037.0,28615.0,108118.0,6.55,28.3,6.7712,SUP-01,95,31572,0,2027-05,213780.33,0.0,767766.05,False,Indoor Growing,Mushroom Kits,Single Kits
BTR-1001,2027-02,113387.0,16288.0,0.0,0.0,97099.0,0.0,89037.0,28615.0,108118.0,5.55,24.0,6.7712,SUP-01,95,0,0,,0.0,0.0,657476.75,False,Indoor Growing,Mushroom Kits,Single Kits
BTR-1001,2027-03,97099.0,17721.0,0.0,32640.0,112018.0,0.0,89037.0,28615.0,108118.0,6.42,27.8,6.7712,SUP-01,95,33540,0,2027-07,227106.05,0.0,758496.28,False,Indoor Growing,Mushroom Kits,Single Kits
BTR-1001,2027-04,112018.0,18091.0,0.0,0.0,93927.0,0.0,89037.0,28615.0,108118.0,5.43,23.5,6.7712,SUP-01,95,0,0,,0.0,0.0,635998.5,False,Indoor Growing,Mushroom Kits,Single Kits
BTR-1001,2027-05,93927.0,17376.0,0.0,31572.0,108123.0,0.0,89037.0,28615.0,108118.0,6.26,27.1,6.7712,SUP-01,95,0,0,,0.0,0.0,732122.46,False,Indoor Growing,Mushroom Kits,Single Kits
BTR-1001,2027-06,108123.0,16647.0,0.0,0.0,91476.0,0.0,89037.0,28615.0,108118.0,5.21,22.5,6.7712,SUP-01,95,0,0,,0.0,0.0,619402.29,False,Indoor Growing,Mushroom Kits,Single Kits
BTR-1001,2027-07,91476.0,16898.0,0.0,33540.0,108118.0,0.0,89037.0,28615.0,108118.0,5.93,25.7,6.7712,SUP-01,95,0,0,,0.0,0.0,732088.6,False,Indoor Growing,Mushroom Kits,Single Kits
BTR-1001,2027-08,108118.0,18234.0,0.0,0.0,89884.0,0.0,89037.0,28615.0,108118.0,,,6.7712,SUP-01,95,0,0,,0.0,0.0,608622.54,False,Indoor Growing,Mushroom Kits,Single Kits
BTR-1002,2026-09,16807.0,4328.0,0.0,0.0,12479.0,0.0,22771.0,7328.0,27648.0,2.55,11.1,7.2473,SUP-01,95,25908,0,2027-01,187763.05,0.0,90439.06,False,Indoor Growing,Mushroom Kits,Single Kits
BTR-1002,2026-10,12479.0,5981.0,5025.0,0.0,11523.0,0.0,22771.0,7328.0,27648.0,2.41,10.4,7.2473,SUP-01,95,0,0,,0.0,0.0,83510.64,False,Indoor Growing,Mushroom Kits,Single Kits
BTR-1002,2026-11,11523.0,7742.0,4310.0,0.0,8091.0,0.0,22771.0,7328.0,27648.0,1.82,7.9,7.2473,SUP-01,95,7950,0,2027-03,57616.04,0.0,58637.9,False,Indoor Growing,Mushroom Kits,Single Kits
BTR-1002,2026-12,8091.0,8686.0,6296.0,0.0,5701.0,0.0,22771.0,7328.0,27648.0,1.45,6.3,7.2473,SUP-01,95,0,0,,0.0,0.0,41316.86,False,Indoor Growing,Mushroom Kits,Single Kits
BTR-1002,2027-01,5701.0,3959.0,0.0,25908.0,27650.0,0.0,22771.0,7328.0,27648.0,7.06,30.6,7.2473,SUP-01,95,8070,0,2027-05,58485.71,0.0,200387.84,False,Indoor Growing,Mushroom Kits,Single Kits
BTR-1002,2027-02,27650.0,3833.0,0.0,0.0,23817.0,0.0,22771.0,7328.0,27648.0,6.06,26.2,7.2473,SUP-01,95,0,0,,0.0,0.0,172608.94,False,Indoor Growing,Mushroom Kits,Single Kits
BTR-1002,2027-03,23817.0,4114.0,0.0,7950.0,27653.0,0.0,22771.0,7328.0,27648.0,7.1,30.8,7.2473,SUP-01,95,7434,0,2027-07,53876.43,0.0,200409.59,False,Indoor Growing,Mushroom Kits,Single Kits
BTR-1002,2027-04,27653.0,4144.0,0.0,0.0,23509.0,0.0,22771.0,7328.0,27648.0,6.14,26.6,7.2473,SUP-01,95,0,0,,0.0,0.0,170376.78,False,Indoor Growing,Mushroom Kits,Single Kits
BTR-1002,2027-05,23509.0,3928.0,0.0,8070.0,27651.0,0.0,22771.0,7328.0,27648.0,7.28,31.5,7.2473,SUP-01,95,0,0,,0.0,0.0,200395.09,False,Indoor Growing,Mushroom Kits,Single Kits
BTR-1002,2027-06,27651.0,3713.0,0.0,0.0,23938.0,0.0,22771.0,7328.0,27648.0,6.23,27.0,7.2473,SUP-01,95,0,0,,0.0,0.0,173485.87,False,Indoor Growing,Mushroom Kits,Single Kits
BTR-1002,2027-07,23938.0,3719.0,0.0,7434.0,27653.0,0.0,22771.0,7328.0,27648.0,6.98,30.2,7.2473,SUP-01,95,0,0,,0.0,0.0,200409.59,False,Indoor Growing,Mushroom Kits,Single Kits
BTR-1002,2027-08,27653.0,3960.0,0.0,0.0,23693.0,0.0,22771.0,7328.0,27648.0,,,7.2473,SUP-01,95,0,0,,0.0,0.0,171710.28,False,Indoor Growing,Mushroom Kits,Single Kits
BTR-1003,2026-09,8075.0,2697.0,0.0,0.0,5378.0,0.0,15213.0,4450.0,18379.0,1.79,7.8,8.0636,SUP-02,102,21456,0,2027-01,173012.6,0.0,43366.04,False,Indoor Growing,Mushroom Kits,Single Kits
BTR-1003,2026-10,5378.0,3716.0,3894.0,0.0,5556.0,0.0,15213.0,4450.0,18379.0,1.9,8.2,8.0636,SUP-02,102,0,0,,0.0,0.0,44801.36,False,Indoor Growing,Mushroom Kits,Single Kits
BTR-1003,2026-11,5556.0,4796.0,1775.0,0.0,2535.0,0.0,15213.0,4450.0,18379.0,0.93,4.0,8.0636,SUP-02,102,4872,0,2027-03,39285.86,0.0,20441.23,False,Indoor Growing,Mushroom Kits,Single Kits
BTR-1003,2026-12,2535.0,5364.0,2194.0,0.0,0.0,635.0,15213.0,4450.0,18379.0,0.0,0.0,8.0636,SUP-02,102,0,0,,0.0,0.0,0.0,True,Indoor Growing,Mushroom Kits,Single Kits
BTR-1003,2027-01,0.0,2438.0,0.0,21456.0,19018.0,0.0,15213.0,4450.0,18379.0,7.98,34.6,8.0636,SUP-02,102,4284,0,2027-05,34544.46,0.0,153353.54,False,Indoor Growing,Mushroom Kits,Single Kits
BTR-1003,2027-02,19018.0,2353.0,0.0,0.0,16665.0,0.0,15213.0,4450.0,18379.0,6.98,30.2,8.0636,SUP-02,102,0,0,,0.0,0.0,134379.89,False,Indoor Growing,Mushroom Kits,Single Kits
BTR-1003,2027-03,16665.0,2518.0,0.0,4872.0,19019.0,0.0,15213.0,4450.0,18379.0,8.05,34.9,8.0636,SUP-02,102,4500,0,2027-07,36286.2,0.0,153361.61,False,Indoor Growing,Mushroom Kits,Single Kits
BTR-1003,2027-04,19019.0,2529.0,0.0,0.0,16490.0,0.0,15213.0,4450.0,18379.0,7.11,30.8,8.0636,SUP-02,102,0,0,,0.0,0.0,132968.76,False,Indoor Growing,Mushroom Kits,Single Kits
BTR-1003,2027-05,16490.0,2390.0,0.0,4284.0,18384.0,0.0,15213.0,4450.0,18379.0,8.01,34.7,8.0636,SUP-02,102,0,0,,0.0,0.0,148241.22,False,Indoor Growing,Mushroom Kits,Single Kits
BTR-1003,2027-06,18384.0,2252.0,0.0,0.0,16132.0,0.0,15213.0,4450.0,18379.0,6.96,30.1,8.0636,SUP-02,102,0,0,,0.0,0.0,130082.0,False,Indoor Growing,Mushroom Kits,Single Kits
BTR-1003,2027-07,16132.0,2249.0,0.0,4500.0,18383.0,0.0,15213.0,4450.0,18379.0,7.7,33.3,8.0636,SUP-02,102,0,0,,0.0,0.0,148233.16,False,Indoor Growing,Mushroom Kits,Single Kits
BTR-1003,2027-08,18383.0,2388.0,0.0,0.0,15995.0,0.0,15213.0,4450.0,18379.0,,,8.0636,SUP-02,102,0,0,,0.0,0.0,128977.28,False,Indoor Growing,Mushroom Kits,Single Kits
BTR-1004,2026-09,8573.0,2166.0,0.0,0.0,6407.0,0.0,12071.0,3775.0,14691.0,2.7,11.7,12.8018,SUP-01,95,13168,0,2027-01,168574.1,0.0,82021.13,False,Indoor Growing,Mushroom Kits,Multi-Packs
BTR-1004,2026-10,6407.0,2976.0,2131.0,0.0,5562.0,0.0,12071.0,3775.0,14691.0,2.4,10.4,12.8018,SUP-01,95,0,0,,0.0,0.0,71203.61,False,Indoor Growing,Mushroom Kits,Multi-Packs
BTR-1004,2026-11,5562.0,3829.0,2417.0,0.0,4150.0,0.0,12071.0,3775.0,14691.0,1.93,8.4,12.8018,SUP-01,95,3852,0,2027-03,49312.53,0.0,53127.47,False,Indoor Growing,Mushroom Kits,Multi-Packs
BTR-1004,2026-12,4150.0,4272.0,3581.0,0.0,3459.0,0.0,12071.0,3775.0,14691.0,1.84,8.0,12.8018,SUP-01,95,0,0,,0.0,0.0,44281.43,False,Indoor Growing,Mushroom Kits,Multi-Packs
BTR-1004,2027-01,3459.0,1936.0,0.0,13168.0,14691.0,0.0,12071.0,3775.0,14691.0,7.85,34.0,12.8018,SUP-01,95,3868,0,2027-05,49517.36,0.0,188071.24,False,Indoor Growing,Mushroom Kits,Multi-Packs
BTR-1004,2027-02,14691.0,1863.0,0.0,0.0,12828.0,0.0,12071.0,3775.0,14691.0,6.85,29.7,12.8018,SUP-01,95,0,0,,0.0,0.0,164221.49,False,Indoor Growing,Mushroom Kits,Multi-Packs
BTR-1004,2027-03,12828.0,1988.0,0.0,3852.0,14692.0,0.0,12071.0,3775.0,14691.0,7.95,34.4,12.8018,SUP-01,95,3520,0,2027-07,45062.34,0.0,188084.05,False,Indoor Growing,Mushroom Kits,Multi-Packs
BTR-1004,2027-04,14692.0,1991.0,0.0,0.0,12701.0,0.0,12071.0,3775.0,14691.0,7.0,30.3,12.8018,SUP-01,95,0,0,,0.0,0.0,162595.66,False,Indoor Growing,Mushroom Kits,Multi-Packs
BTR-1004,2027-05,12701.0,1876.0,0.0,3868.0,14693.0,0.0,12071.0,3775.0,14691.0,8.2,35.5,12.8018,SUP-01,95,0,0,,0.0,0.0,188096.85,False,Indoor Growing,Mushroom Kits,Multi-Packs
BTR-1004,2027-06,14693.0,1763.0,0.0,0.0,12930.0,0.0,12071.0,3775.0,14691.0,7.15,31.0,12.8018,SUP-01,95,0,0,,0.0,0.0,165527.27,False,Indoor Growing,Mushroom Kits,Multi-Packs
BTR-1004,2027-07,12930.0,1756.0,0.0,3520.0,14694.0,0.0,12071.0,3775.0,14691.0,7.9,34.2,12.8018,SUP-01,95,0,0,,0.0,0.0,188109.65,False,Indoor Growing,Mushroom Kits,Multi-Packs
BTR-1004,2027-08,14694.0,1859.0,0.0,0.0,12835.0,0.0,12071.0,3775.0,14691.0,,,12.8018,SUP-01,95,0,0,,0.0,0.0,164311.1,False,Indoor Growing,Mushroom Kits,Multi-Packs
BTR-1005,2026-09,6854.0,2355.0,0.0,0.0,4499.0,0.0,10935.0,3412.0,13148.0,1.47,6.4,14.5888,SUP-02,102,15864,0,2027-01,231436.72,0.0,65635.01,False,Indoor Growing,Mushroom Kits,Gifting
BTR-1005,2026-10,4499.0,3339.0,2963.0,0.0,4123.0,0.0,10935.0,3412.0,13148.0,1.36,5.9,14.5888,SUP-02,102,2372,0,2027-02,34604.63,0.0,60149.62,False,Indoor Growing,Mushroom Kits,Gifting
BTR-1005,2026-11,4123.0,4434.0,2050.0,0.0,1739.0,0.0,10935.0,3412.0,13148.0,0.61,2.6,14.5888,SUP-02,102,2612,0,2027-03,38105.95,0.0,25369.92,False,Indoor Growing,Mushroom Kits,Gifting
BTR-1005,2026-12,1739.0,5105.0,3039.0,0.0,0.0,327.0,10935.0,3412.0,13148.0,0.0,0.0,14.5888,SUP-02,102,2372,0,2027-04,34604.63,0.0,0.0,True,Indoor Growing,Mushroom Kits,Gifting
BTR-1005,2027-01,0.0,2387.0,0.0,15864.0,13477.0,0.0,10935.0,3412.0,13148.0,5.15,22.3,14.5888,SUP-02,102,2624,0,2027-05,38281.01,0.0,196613.26,False,Indoor Growing,Mushroom Kits,Gifting
BTR-1005,2027-02,13477.0,2371.0,0.0,2372.0,13478.0,0.0,10935.0,3412.0,13148.0,5.07,21.9,14.5888,SUP-02,102,2544,0,2027-06,37113.91,0.0,196627.85,False,Indoor Growing,Mushroom Kits,Gifting
BTR-1005,2027-03,13478.0,2612.0,0.0,2612.0,13478.0,0.0,10935.0,3412.0,13148.0,5.05,21.9,14.5888,SUP-02,102,2620,0,2027-07,38222.66,0.0,196627.85,False,Indoor Growing,Mushroom Kits,Gifting
BTR-1005,2027-04,13478.0,2699.0,0.0,2372.0,13151.0,0.0,10935.0,3412.0,13148.0,4.94,21.4,14.5888,SUP-02,102,2856,0,2027-08,41665.61,0.0,191857.31,False,Indoor Growing,Mushroom Kits,Gifting
BTR-1005,2027-05,13151.0,2625.0,0.0,2624.0,13150.0,0.0,10935.0,3412.0,13148.0,4.92,21.3,14.5888,SUP-02,102,0,0,,0.0,0.0,191842.72,False,Indoor Growing,Mushroom Kits,Gifting
BTR-1005,2027-06,13150.0,2546.0,0.0,2544.0,13148.0,0.0,10935.0,3412.0,13148.0,4.8,20.8,14.5888,SUP-02,102,0,0,,0.0,0.0,191813.54,False,Indoor Growing,Mushroom Kits,Gifting
BTR-1005,2027-07,13148.0,2617.0,0.0,2620.0,13151.0,0.0,10935.0,3412.0,13148.0,4.6,19.9,14.5888,SUP-02,102,0,0,,0.0,0.0,191857.31,False,Indoor Growing,Mushroom Kits,Gifting
BTR-1005,2027-08,13151.0,2859.0,0.0,2856.0,13148.0,0.0,10935.0,3412.0,13148.0,,,14.5888,SUP-02,102,0,0,,0.0,0.0,191813.54,False,Indoor Growing,Mushroom Kits,Gifting
BTR-1101,2026-09,9909.0,2256.0,4774.0,0.0,12427.0,0.0,10607.0,2368.0,13416.0,4.78,20.7,29.7916,SUP-03,88,2828,0,2026-12,84250.64,0.0,370220.21,False,Indoor Growing,Water Garden,Systems
BTR-1101,2026-10,12427.0,2880.0,3636.0,0.0,13183.0,0.0,10607.0,2368.0,13416.0,5.13,22.2,29.7916,SUP-03,88,0,0,,0.0,0.0,392742.66,False,Indoor Growing,Water Garden,Systems
BTR-1101,2026-11,13183.0,3129.0,3609.0,0.0,13663.0,0.0,10607.0,2368.0,13416.0,5.45,23.6,29.7916,SUP-03,88,3948,0,2027-02,117617.24,0.0,407042.63,False,Indoor Growing,Water Garden,Systems
BTR-1101,2026-12,13663.0,3075.0,0.0,2828.0,13416.0,0.0,10607.0,2368.0,13416.0,5.51,23.9,29.7916,SUP-03,88,0,0,,0.0,0.0,399684.11,False,Indoor Growing,Water Garden,Systems
BTR-1101,2027-01,13416.0,2013.0,0.0,0.0,11403.0,0.0,10607.0,2368.0,13416.0,4.57,19.8,29.7916,SUP-03,88,5200,0,2027-04,154916.32,0.0,339713.61,False,Indoor Growing,Water Garden,Systems
BTR-1101,2027-02,11403.0,1935.0,0.0,3948.0,13416.0,0.0,10607.0,2368.0,13416.0,5.18,22.4,29.7916,SUP-03,88,3034,0,2027-05,90387.71,0.0,399684.11,False,Indoor Growing,Water Garden,Systems
BTR-1101,2027-03,13416.0,2574.0,0.0,0.0,10842.0,0.0,10607.0,2368.0,13416.0,4.18,18.1,29.7916,SUP-03,88,0,0,,0.0,0.0,323000.53,False,Indoor Growing,Water Garden,Systems
BTR-1101,2027-04,10842.0,2626.0,0.0,5200.0,13416.0,0.0,10607.0,2368.0,13416.0,5.19,22.5,29.7916,SUP-03,88,4900,0,2027-07,145978.84,0.0,399684.11,False,Indoor Growing,Water Garden,Systems
BTR-1101,2027-05,13416.0,3034.0,0.0,3034.0,13416.0,0.0,10607.0,2368.0,13416.0,5.51,23.9,29.7916,SUP-03,88,0,0,,0.0,0.0,399684.11,False,Indoor Growing,Water Garden,Systems
BTR-1101,2027-06,13416.0,2603.0,0.0,0.0,10813.0,0.0,10607.0,2368.0,13416.0,4.6,19.9,29.7916,SUP-03,88,0,0,,0.0,0.0,322136.57,False,Indoor Growing,Water Garden,Systems
BTR-1101,2027-07,10813.0,2296.0,0.0,4900.0,13417.0,0.0,10607.0,2368.0,13416.0,5.58,24.2,29.7916,SUP-03,88,0,0,,0.0,0.0,399713.9,False,Indoor Growing,Water Garden,Systems
BTR-1101,2027-08,13417.0,2403.0,0.0,0.0,11014.0,0.0,10607.0,2368.0,13416.0,,,29.7916,SUP-03,88,0,0,,0.0,0.0,328124.68,False,Indoor Growing,Water Garden,Systems
BTR-1102,2026-09,14151.0,3140.0,3555.0,0.0,14566.0,0.0,16234.0,4459.0,20248.0,3.68,15.9,4.4058,SUP-03,88,9876,0,2026-12,43511.68,0.0,64174.88,False,Indoor Growing,Water Garden,Consumables
BTR-1102,2026-10,14566.0,4071.0,3389.0,0.0,13884.0,0.0,16234.0,4459.0,20248.0,3.52,15.2,4.4058,SUP-03,88,0,0,,0.0,0.0,61170.13,False,Indoor Growing,Water Garden,Consumables
BTR-1102,2026-11,13884.0,4491.0,5467.0,0.0,14860.0,0.0,16234.0,4459.0,20248.0,3.82,16.6,4.4058,SUP-03,88,5892,0,2027-02,25958.97,0.0,65470.19,False,Indoor Growing,Water Garden,Consumables
BTR-1102,2026-12,14860.0,4482.0,0.0,9876.0,20254.0,0.0,16234.0,4459.0,20248.0,5.31,23.0,4.4058,SUP-03,88,0,0,,0.0,0.0,89235.07,False,Indoor Growing,Water Garden,Consumables
BTR-1102,2027-01,20254.0,2979.0,0.0,0.0,17275.0,0.0,16234.0,4459.0,20248.0,4.39,19.0,4.4058,SUP-03,88,7992,0,2027-04,35211.15,0.0,76110.2,False,Indoor Growing,Water Garden,Consumables
BTR-1102,2027-02,17275.0,2908.0,0.0,5892.0,20259.0,0.0,16234.0,4459.0,20248.0,4.94,21.4,4.4058,SUP-03,88,4776,0,2027-05,21042.1,0.0,89257.1,False,Indoor Growing,Water Garden,Consumables
BTR-1102,2027-03,20259.0,3927.0,0.0,0.0,16332.0,0.0,16234.0,4459.0,20248.0,3.95,17.1,4.4058,SUP-03,88,4152,0,2027-06,18292.88,0.0,71955.53,False,Indoor Growing,Water Garden,Consumables
BTR-1102,2027-04,16332.0,4069.0,0.0,7992.0,20255.0,0.0,16234.0,4459.0,20248.0,4.88,21.1,4.4058,SUP-03,88,0,0,,0.0,0.0,89239.48,False,Indoor Growing,Water Garden,Consumables
BTR-1102,2027-05,20255.0,4773.0,0.0,4776.0,20258.0,0.0,16234.0,4459.0,20248.0,5.13,22.2,4.4058,SUP-03,88,7680,0,2027-08,33836.54,0.0,89252.7,False,Indoor Growing,Water Garden,Consumables
BTR-1102,2027-06,20258.0,4158.0,0.0,4152.0,20252.0,0.0,16234.0,4459.0,20248.0,5.27,22.8,4.4058,SUP-03,88,0,0,,0.0,0.0,89226.26,False,Indoor Growing,Water Garden,Consumables
BTR-1102,2027-07,20252.0,3724.0,0.0,0.0,16528.0,0.0,16234.0,4459.0,20248.0,4.18,18.1,4.4058,SUP-03,88,0,0,,0.0,0.0,72819.06,False,Indoor Growing,Water Garden,Consumables
BTR-1102,2027-08,16528.0,3958.0,0.0,7680.0,20250.0,0.0,16234.0,4459.0,20248.0,,,4.4058,SUP-03,88,0,0,,0.0,0.0,89217.45,False,Indoor Growing,Water Garden,Consumables
BTR-1103,2026-09,1056.0,1710.0,0.0,0.0,0.0,654.0,8908.0,2357.0,10695.0,0.0,0.0,20.1663,SUP-04,110,11008,0,2027-01,221990.63,0.0,0.0,True,Indoor Growing,Water Garden,Systems
BTR-1103,2026-10,0.0,2240.0,1733.0,0.0,0.0,507.0,8908.0,2357.0,10695.0,0.0,0.0,20.1663,SUP-04,110,0,0,,0.0,0.0,0.0,True,Indoor Growing,Water Garden,Systems
BTR-1103,2026-11,0.0,2496.0,3110.0,0.0,614.0,0.0,8908.0,2357.0,10695.0,0.27,1.2,20.1663,SUP-04,110,3436,0,2027-03,69291.41,0.0,12382.11,False,Indoor Growing,Water Garden,Systems
BTR-1103,2026-12,614.0,2517.0,3787.0,0.0,1884.0,0.0,8908.0,2357.0,10695.0,0.84,3.6,20.1663,SUP-04,110,2376,0,2027-04,47915.13,0.0,37993.31,False,Indoor Growing,Water Garden,Systems
BTR-1103,2027-01,1884.0,1690.0,0.0,11008.0,11202.0,0.0,8908.0,2357.0,10695.0,4.82,20.9,20.1663,SUP-04,110,2820,0,2027-05,56868.97,0.0,225902.89,False,Indoor Growing,Water Garden,Systems
BTR-1103,2027-02,11202.0,1667.0,0.0,0.0,9535.0,0.0,8908.0,2357.0,10695.0,3.92,17.0,20.1663,SUP-04,110,2484,0,2027-06,50093.09,0.0,192285.67,False,Indoor Growing,Water Garden,Systems
BTR-1103,2027-03,9535.0,2273.0,0.0,3436.0,10698.0,0.0,8908.0,2357.0,10695.0,4.34,18.8,20.1663,SUP-04,110,2244,0,2027-07,45253.18,0.0,215739.08,False,Indoor Growing,Water Garden,Systems
BTR-1103,2027-04,10698.0,2379.0,0.0,2376.0,10695.0,0.0,8908.0,2357.0,10695.0,4.3,18.6,20.1663,SUP-04,110,2412,0,2027-08,48641.12,0.0,215678.58,False,Indoor Growing,Water Garden,Systems
BTR-1103,2027-05,10695.0,2820.0,0.0,2820.0,10695.0,0.0,8908.0,2357.0,10695.0,4.49,19.5,20.1663,SUP-04,110,0,0,,0.0,0.0,215678.58,False,Indoor Growing,Water Garden,Systems
BTR-1103,2027-06,10695.0,2482.0,0.0,2484.0,10697.0,0.0,8908.0,2357.0,10695.0,4.59,19.9,20.1663,SUP-04,110,0,0,,0.0,0.0,215718.91,False,Indoor Growing,Water Garden,Systems
BTR-1103,2027-07,10697.0,2245.0,0.0,2244.0,10696.0,0.0,8908.0,2357.0,10695.0,4.44,19.2,20.1663,SUP-04,110,0,0,,0.0,0.0,215698.74,False,Indoor Growing,Water Garden,Systems
BTR-1103,2027-08,10696.0,2411.0,0.0,2412.0,10697.0,0.0,8908.0,2357.0,10695.0,,,20.1663,SUP-04,110,0,0,,0.0,0.0,215718.91,False,Indoor Growing,Water Garden,Systems
BTR-1201,2026-09,20036.0,5696.0,0.0,0.0,14340.0,0.0,30694.0,7199.0,37102.0,2.04,8.8,5.2816,SUP-04,110,26964,0,2027-01,142413.06,0.0,75738.14,False,Indoor Growing,Herb Kits,Single Herb
BTR-1201,2026-10,14340.0,6132.0,5079.0,0.0,13287.0,0.0,30694.0,7199.0,37102.0,1.87,8.1,5.2816,SUP-04,110,0,0,,0.0,0.0,70176.62,False,Indoor Growing,Herb Kits,Single Herb
BTR-1201,2026-11,13287.0,8794.0,9134.0,0.0,13627.0,0.0,30694.0,7199.0,37102.0,1.97,8.5,5.2816,SUP-04,110,14292,0,2027-03,75484.63,0.0,71972.36,False,Indoor Growing,Herb Kits,Single Herb
BTR-1201,2026-12,13627.0,6556.0,8817.0,0.0,15888.0,0.0,30694.0,7199.0,37102.0,2.28,9.9,5.2816,SUP-04,110,9108,0,2027-04,48104.81,0.0,83914.06,False,Indoor Growing,Herb Kits,Single Herb
BTR-1201,2027-01,15888.0,5740.0,0.0,26964.0,37112.0,0.0,30694.0,7199.0,37102.0,5.19,22.5,5.2816,SUP-04,110,8184,0,2027-05,43224.61,0.0,196010.74,False,Indoor Growing,Herb Kits,Single Herb
BTR-1201,2027-02,37112.0,6371.0,0.0,0.0,30741.0,0.0,30694.0,7199.0,37102.0,4.22,18.3,5.2816,SUP-04,110,6504,0,2027-06,34351.53,0.0,162361.67,False,Indoor Growing,Herb Kits,Single Herb
BTR-1201,2027-03,30741.0,7929.0,0.0,14292.0,37104.0,0.0,30694.0,7199.0,37102.0,5.19,22.5,5.2816,SUP-04,110,0,0,,0.0,0.0,195968.49,False,Indoor Growing,Herb Kits,Single Herb
BTR-1201,2027-04,37104.0,9105.0,0.0,9108.0,37107.0,0.0,30694.0,7199.0,37102.0,5.57,24.1,5.2816,SUP-04,110,11940,0,2027-08,63062.3,0.0,195984.33,False,Indoor Growing,Herb Kits,Single Herb
BTR-1201,2027-05,37107.0,8184.0,0.0,8184.0,37107.0,0.0,30694.0,7199.0,37102.0,6.04,26.1,5.2816,SUP-04,110,0,0,,0.0,0.0,195984.33,False,Indoor Growing,Herb Kits,Single Herb
BTR-1201,2027-06,37107.0,6501.0,0.0,6504.0,37110.0,0.0,30694.0,7199.0,37102.0,6.22,26.9,5.2816,SUP-04,110,0,0,,0.0,0.0,196000.18,False,Indoor Growing,Herb Kits,Single Herb
BTR-1201,2027-07,37110.0,5825.0,0.0,0.0,31285.0,0.0,30694.0,7199.0,37102.0,5.11,22.1,5.2816,SUP-04,110,0,0,,0.0,0.0,165234.86,False,Indoor Growing,Herb Kits,Single Herb
BTR-1201,2027-08,31285.0,6117.0,0.0,11940.0,37108.0,0.0,30694.0,7199.0,37102.0,,,5.2816,SUP-04,110,0,0,,0.0,0.0,195989.61,False,Indoor Growing,Herb Kits,Single Herb
BTR-1202,2026-09,15514.0,3584.0,0.0,0.0,11930.0,0.0,21165.0,5160.0,25530.0,2.93,12.7,5.2816,SUP-04,110,9396,0,2027-01,49625.91,0.0,63009.49,False,Indoor Growing,Herb Kits,Single Herb
BTR-1202,2026-10,11930.0,3806.0,5478.0,0.0,13602.0,0.0,21165.0,5160.0,25530.0,3.31,14.3,5.2816,SUP-04,110,0,0,,0.0,0.0,71840.32,False,Indoor Growing,Herb Kits,Single Herb
BTR-1202,2026-11,13602.0,5384.0,8250.0,0.0,16468.0,0.0,21165.0,5160.0,25530.0,4.16,18.0,5.2816,SUP-04,110,8340,0,2027-03,44048.54,0.0,86977.39,False,Indoor Growing,Herb Kits,Single Herb
BTR-1202,2026-12,16468.0,3959.0,7055.0,0.0,19564.0,0.0,21165.0,5160.0,25530.0,4.94,21.4,5.2816,SUP-04,110,5196,0,2027-04,27443.19,0.0,103329.22,False,Indoor Growing,Herb Kits,Single Herb
BTR-1202,2027-01,19564.0,3420.0,0.0,9396.0,25540.0,0.0,21165.0,5160.0,25530.0,6.32,27.4,5.2816,SUP-04,110,4620,0,2027-05,24400.99,0.0,134892.06,False,Indoor Growing,Herb Kits,Single Herb
BTR-1202,2027-02,25540.0,3744.0,0.0,0.0,21796.0,0.0,21165.0,5160.0,25530.0,5.33,23.1,5.2816,SUP-04,110,0,0,,0.0,0.0,115117.75,False,Indoor Growing,Herb Kits,Single Herb
BTR-1202,2027-03,21796.0,4596.0,0.0,8340.0,25540.0,0.0,21165.0,5160.0,25530.0,6.4,27.7,5.2816,SUP-04,110,6816,0,2027-07,35999.39,0.0,134892.06,False,Indoor Growing,Herb Kits,Single Herb
BTR-1202,2027-04,25540.0,5206.0,0.0,5196.0,25530.0,0.0,21165.0,5160.0,25530.0,6.93,30.0,5.2816,SUP-04,110,0,0,,0.0,0.0,134839.25,False,Indoor Growing,Herb Kits,Single Herb
BTR-1202,2027-05,25530.0,4616.0,0.0,4620.0,25534.0,0.0,21165.0,5160.0,25530.0,7.56,32.8,5.2816,SUP-04,110,0,0,,0.0,0.0,134860.37,False,Indoor Growing,Herb Kits,Single Herb
BTR-1202,2027-06,25534.0,3617.0,0.0,0.0,21917.0,0.0,21165.0,5160.0,25530.0,6.73,29.2,5.2816,SUP-04,110,0,0,,0.0,0.0,115756.83,False,Indoor Growing,Herb Kits,Single Herb
BTR-1202,2027-07,21917.0,3197.0,0.0,6816.0,25536.0,0.0,21165.0,5160.0,25530.0,7.71,33.4,5.2816,SUP-04,110,0,0,,0.0,0.0,134870.94,False,Indoor Growing,Herb Kits,Single Herb
BTR-1202,2027-08,25536.0,3312.0,0.0,0.0,22224.0,0.0,21165.0,5160.0,25530.0,,,5.2816,SUP-04,110,0,0,,0.0,0.0,117378.28,False,Indoor Growing,Herb Kits,Single Herb
BTR-1203,2026-09,11525.0,2822.0,0.0,0.0,8703.0,0.0,18703.0,5677.0,22256.0,2.44,10.6,5.2816,SUP-04,110,16392,0,2027-01,86575.99,0.0,45965.76,False,Indoor Growing,Herb Kits,Single Herb
BTR-1203,2026-10,8703.0,3050.0,3532.0,0.0,9185.0,0.0,18703.0,5677.0,22256.0,2.54,11.0,5.2816,SUP-04,110,0,0,,0.0,0.0,48511.5,False,Indoor Growing,Herb Kits,Single Herb
BTR-1203,2026-11,9185.0,4392.0,3112.0,0.0,7905.0,0.0,18703.0,5677.0,22256.0,2.24,9.7,5.2816,SUP-04,110,7248,0,2027-03,38281.04,0.0,41751.05,False,Indoor Growing,Herb Kits,Single Herb
BTR-1203,2026-12,7905.0,3287.0,4142.0,0.0,8760.0,0.0,18703.0,5677.0,22256.0,2.46,10.7,5.2816,SUP-04,110,4632,0,2027-04,24464.37,0.0,46266.82,False,Indoor Growing,Herb Kits,Single Herb
BTR-1203,2027-01,8760.0,2890.0,0.0,16392.0,22262.0,0.0,18703.0,5677.0,22256.0,6.09,26.4,5.2816,SUP-04,110,4188,0,2027-05,22119.34,0.0,117578.98,False,Indoor Growing,Herb Kits,Single Herb
BTR-1203,2027-02,22262.0,3220.0,0.0,0.0,19042.0,0.0,18703.0,5677.0,22256.0,5.11,22.1,5.2816,SUP-04,110,0,0,,0.0,0.0,100572.23,False,Indoor Growing,Herb Kits,Single Herb
BTR-1203,2027-03,19042.0,4023.0,0.0,7248.0,22267.0,0.0,18703.0,5677.0,22256.0,6.07,26.3,5.2816,SUP-04,110,6336,0,2027-07,33464.22,0.0,117605.39,False,Indoor Growing,Herb Kits,Single Herb
BTR-1203,2027-04,22267.0,4639.0,0.0,4632.0,22260.0,0.0,18703.0,5677.0,22256.0,6.5,28.2,5.2816,SUP-04,110,0,0,,0.0,0.0,117568.42,False,Indoor Growing,Herb Kits,Single Herb
BTR-1203,2027-05,22260.0,4186.0,0.0,4188.0,22262.0,0.0,18703.0,5677.0,22256.0,7.02,30.4,5.2816,SUP-04,110,0,0,,0.0,0.0,117578.98,False,Indoor Growing,Herb Kits,Single Herb
BTR-1203,2027-06,22262.0,3339.0,0.0,0.0,18923.0,0.0,18703.0,5677.0,22256.0,6.13,26.6,5.2816,SUP-04,110,0,0,,0.0,0.0,99943.72,False,Indoor Growing,Herb Kits,Single Herb
BTR-1203,2027-07,18923.0,3003.0,0.0,6336.0,22256.0,0.0,18703.0,5677.0,22256.0,7.03,30.4,5.2816,SUP-04,110,0,0,,0.0,0.0,117547.29,False,Indoor Growing,Herb Kits,Single Herb
BTR-1203,2027-08,22256.0,3166.0,0.0,0.0,19090.0,0.0,18703.0,5677.0,22256.0,,,5.2816,SUP-04,110,0,0,,0.0,0.0,100825.74,False,Indoor Growing,Herb Kits,Single Herb
BTR-1204,2026-09,9150.0,2478.0,2767.0,0.0,9439.0,0.0,13711.0,4722.0,16776.0,3.09,13.4,12.1684,SUP-03,88,13932,0,2026-12,169530.15,0.0,114857.53,False,Indoor Growing,Herb Kits,Gifting
BTR-1204,2026-10,9439.0,2668.0,2754.0,0.0,9525.0,0.0,13711.0,4722.0,16776.0,3.08,13.3,12.1684,SUP-03,88,0,0,,0.0,0.0,115904.01,False,Indoor Growing,Herb Kits,Gifting
BTR-1204,2026-11,9525.0,3826.0,0.0,0.0,5699.0,0.0,13711.0,4722.0,16776.0,1.89,8.2,12.1684,SUP-03,88,5268,0,2027-02,64103.13,0.0,69347.71,False,Indoor Growing,Herb Kits,Gifting
BTR-1204,2026-12,5699.0,2852.0,0.0,13932.0,16779.0,0.0,13711.0,4722.0,16776.0,5.53,24.0,12.1684,SUP-03,88,3448,0,2027-03,41956.64,0.0,204173.58,False,Indoor Growing,Herb Kits,Gifting
BTR-1204,2027-01,16779.0,2497.0,0.0,0.0,14282.0,0.0,13711.0,4722.0,16776.0,4.6,19.9,12.1684,SUP-03,88,3956,0,2027-04,48138.19,0.0,173789.09,False,Indoor Growing,Herb Kits,Gifting
BTR-1204,2027-02,14282.0,2771.0,0.0,5268.0,16779.0,0.0,13711.0,4722.0,16776.0,5.3,23.0,12.1684,SUP-03,88,3560,0,2027-05,43319.5,0.0,204173.58,False,Indoor Growing,Herb Kits,Gifting
BTR-1204,2027-03,16779.0,3448.0,0.0,3448.0,16779.0,0.0,13711.0,4722.0,16776.0,5.4,23.4,12.1684,SUP-03,88,0,0,,0.0,0.0,204173.58,False,Indoor Growing,Herb Kits,Gifting
BTR-1204,2027-04,16779.0,3959.0,0.0,3956.0,16776.0,0.0,13711.0,4722.0,16776.0,5.8,25.1,12.1684,SUP-03,88,5360,0,2027-07,65222.62,0.0,204137.08,False,Indoor Growing,Herb Kits,Gifting
BTR-1204,2027-05,16776.0,3559.0,0.0,3560.0,16777.0,0.0,13711.0,4722.0,16776.0,6.28,27.2,12.1684,SUP-03,88,0,0,,0.0,0.0,204149.25,False,Indoor Growing,Herb Kits,Gifting
BTR-1204,2027-06,16777.0,2827.0,0.0,0.0,13950.0,0.0,13711.0,4722.0,16776.0,5.37,23.3,12.1684,SUP-03,88,0,0,,0.0,0.0,169749.18,False,Indoor Growing,Herb Kits,Gifting
BTR-1204,2027-07,13950.0,2532.0,0.0,5360.0,16778.0,0.0,13711.0,4722.0,16776.0,6.31,27.3,12.1684,SUP-03,88,0,0,,0.0,0.0,204161.42,False,Indoor Growing,Herb Kits,Gifting
BTR-1204,2027-08,16778.0,2659.0,0.0,0.0,14119.0,0.0,13711.0,4722.0,16776.0,,,12.1684,SUP-03,88,0,0,,0.0,0.0,171805.64,False,Indoor Growing,Herb Kits,Gifting
BTR-1205,2026-09,4065.0,2086.0,1909.0,0.0,3888.0,0.0,8488.0,1865.0,10746.0,1.48,6.4,6.0842,SUP-03,88,8400,0,2026-12,51107.28,0.0,23655.37,False,Indoor Growing,Herb Kits,Microgreens
BTR-1205,2026-10,3888.0,2253.0,2694.0,0.0,4329.0,0.0,8488.0,1865.0,10746.0,1.63,7.0,6.0842,SUP-03,88,0,0,,0.0,0.0,26338.5,False,Indoor Growing,Herb Kits,Microgreens
BTR-1205,2026-11,4329.0,3243.0,3689.0,0.0,4775.0,0.0,8488.0,1865.0,10746.0,1.84,8.0,6.0842,SUP-03,88,4512,0,2027-02,27451.91,0.0,29052.06,False,Indoor Growing,Herb Kits,Microgreens
BTR-1205,2026-12,4775.0,2426.0,0.0,8400.0,10749.0,0.0,8488.0,1865.0,10746.0,4.1,17.8,6.0842,SUP-03,88,2964,0,2027-03,18033.57,0.0,65399.07,False,Indoor Growing,Herb Kits,Microgreens
BTR-1205,2027-01,10749.0,2132.0,0.0,0.0,8617.0,0.0,8488.0,1865.0,10746.0,3.2,13.9,6.0842,SUP-03,88,3420,0,2027-04,20807.96,0.0,52427.55,False,Indoor Growing,Herb Kits,Microgreens
BTR-1205,2027-02,8617.0,2374.0,0.0,4512.0,10755.0,0.0,8488.0,1865.0,10746.0,3.92,17.0,6.0842,SUP-03,88,3072,0,2027-05,18690.66,0.0,65435.57,False,Indoor Growing,Herb Kits,Microgreens
BTR-1205,2027-03,10755.0,2965.0,0.0,2964.0,10754.0,0.0,8488.0,1865.0,10746.0,3.99,17.3,6.0842,SUP-03,88,2460,0,2027-06,14967.13,0.0,65429.49,False,Indoor Growing,Herb Kits,Microgreens
BTR-1205,2027-04,10754.0,3417.0,0.0,3420.0,10757.0,0.0,8488.0,1865.0,10746.0,4.27,18.5,6.0842,SUP-03,88,0,0,,0.0,0.0,65447.74,False,Indoor Growing,Herb Kits,Microgreens
BTR-1205,2027-05,10757.0,3082.0,0.0,3072.0,10747.0,0.0,8488.0,1865.0,10746.0,4.61,20.0,6.0842,SUP-03,88,4536,0,2027-08,27597.93,0.0,65386.9,False,Indoor Growing,Herb Kits,Microgreens
BTR-1205,2027-06,10747.0,2457.0,0.0,2460.0,10750.0,0.0,8488.0,1865.0,10746.0,4.74,20.5,6.0842,SUP-03,88,0,0,,0.0,0.0,65405.15,False,Indoor Growing,Herb Kits,Microgreens
BTR-1205,2027-07,10750.0,2209.0,0.0,0.0,8541.0,0.0,8488.0,1865.0,10746.0,3.67,15.9,6.0842,SUP-03,88,0,0,,0.0,0.0,51965.15,False,Indoor Growing,Herb Kits,Microgreens
BTR-1205,2027-08,8541.0,2328.0,0.0,4536.0,10749.0,0.0,8488.0,1865.0,10746.0,,,6.0842,SUP-03,88,0,0,,0.0,0.0,65399.07,False,Indoor Growing,Herb Kits,Microgreens
BTR-2001,2026-09,20126.0,6243.0,4688.0,0.0,18571.0,0.0,23460.0,11697.0,33543.0,1.86,8.1,3.8325,SUP-05,35,23508,0,2026-11,90094.41,0.0,71173.36,False,Outdoor Gardening,Seeds,Variety Packs
BTR-2001,2026-10,18571.0,7860.0,5661.0,0.0,16372.0,0.0,23460.0,11697.0,33543.0,1.61,7.0,3.8325,SUP-05,35,0,0,,0.0,0.0,62745.69,False,Outdoor Gardening,Seeds,Variety Packs
BTR-2001,2026-11,16372.0,6337.0,0.0,23508.0,33543.0,0.0,23460.0,11697.0,33543.0,3.16,13.7,3.8325,SUP-05,35,15252,0,2027-01,58453.29,0.0,128553.55,False,Outdoor Gardening,Seeds,Variety Packs
BTR-2001,2026-12,33543.0,5546.0,0.0,0.0,27997.0,0.0,23460.0,11697.0,33543.0,2.49,10.8,3.8325,SUP-05,35,13584,0,2027-02,52060.68,0.0,107298.5,False,Outdoor Gardening,Seeds,Variety Packs
BTR-2001,2027-01,27997.0,9697.0,0.0,15252.0,33552.0,0.0,23460.0,11697.0,33543.0,2.92,12.7,3.8325,SUP-05,35,17004,0,2027-03,65167.83,0.0,128588.04,False,Outdoor Gardening,Seeds,Variety Packs
BTR-2001,2027-02,33552.0,13585.0,0.0,13584.0,33551.0,0.0,23460.0,11697.0,33543.0,3.02,13.1,3.8325,SUP-05,35,16476,0,2027-04,63144.27,0.0,128584.21,False,Outdoor Gardening,Seeds,Variety Packs
BTR-2001,2027-03,33551.0,17007.0,0.0,17004.0,33548.0,0.0,23460.0,11697.0,33543.0,3.37,14.6,3.8325,SUP-05,35,12048,0,2027-05,46173.96,0.0,128572.71,False,Outdoor Gardening,Seeds,Variety Packs
BTR-2001,2027-04,33548.0,16478.0,0.0,16476.0,33546.0,0.0,23460.0,11697.0,33543.0,4.04,17.5,3.8325,SUP-05,35,0,0,,0.0,0.0,128565.04,False,Outdoor Gardening,Seeds,Variety Packs
BTR-2001,2027-05,33546.0,12048.0,0.0,12048.0,33546.0,0.0,23460.0,11697.0,33543.0,4.75,20.6,3.8325,SUP-05,35,14904,0,2027-07,57119.58,0.0,128565.04,False,Outdoor Gardening,Seeds,Variety Packs
BTR-2001,2027-06,33546.0,7950.0,0.0,0.0,25596.0,0.0,23460.0,11697.0,33543.0,3.87,16.7,3.8325,SUP-05,35,0,0,,0.0,0.0,98096.67,False,Outdoor Gardening,Seeds,Variety Packs
BTR-2001,2027-07,25596.0,6950.0,0.0,14904.0,33550.0,0.0,23460.0,11697.0,33543.0,5.33,23.1,3.8325,SUP-05,35,0,0,,0.0,0.0,128580.38,False,Outdoor Gardening,Seeds,Variety Packs
BTR-2001,2027-08,33550.0,6290.0,0.0,0.0,27260.0,0.0,23460.0,11697.0,33543.0,,,3.8325,SUP-05,35,0,0,,0.0,0.0,104473.95,False,Outdoor Gardening,Seeds,Variety Packs
BTR-2002,2026-09,20749.0,10152.0,23698.0,0.0,34295.0,0.0,33151.0,15941.0,47902.0,1.94,8.4,0.9709,SUP-05,35,37176,0,2026-11,36094.18,0.0,33297.02,False,Outdoor Gardening,Seeds,Vegetable
BTR-2002,2026-10,34295.0,12957.0,0.0,0.0,21338.0,0.0,33151.0,15941.0,47902.0,1.18,5.1,0.9709,SUP-05,35,0,0,,0.0,0.0,20717.06,False,Outdoor Gardening,Seeds,Vegetable
BTR-2002,2026-11,21338.0,10590.0,0.0,37176.0,47924.0,0.0,33151.0,15941.0,47902.0,2.53,11.0,0.9709,SUP-05,35,26040,0,2027-01,25282.24,0.0,46529.41,False,Outdoor Gardening,Seeds,Vegetable
BTR-2002,2026-12,47924.0,9395.0,0.0,0.0,38529.0,0.0,33151.0,15941.0,47902.0,1.91,8.3,0.9709,SUP-05,35,23640,0,2027-02,22952.08,0.0,37407.81,False,Outdoor Gardening,Seeds,Vegetable
BTR-2002,2027-01,38529.0,16655.0,0.0,26040.0,47914.0,0.0,33151.0,15941.0,47902.0,2.32,10.1,0.9709,SUP-05,35,30024,0,2027-03,29150.3,0.0,46519.7,False,Outdoor Gardening,Seeds,Vegetable
BTR-2002,2027-02,47914.0,23651.0,0.0,23640.0,47903.0,0.0,33151.0,15941.0,47902.0,2.38,10.3,0.9709,SUP-05,35,29472,0,2027-04,28614.36,0.0,46509.02,False,Outdoor Gardening,Seeds,Vegetable
BTR-2002,2027-03,47903.0,30016.0,0.0,30024.0,47911.0,0.0,33151.0,15941.0,47902.0,2.64,11.4,0.9709,SUP-05,35,21864,0,2027-05,21227.76,0.0,46516.79,False,Outdoor Gardening,Seeds,Vegetable
BTR-2002,2027-04,47911.0,29481.0,0.0,29472.0,47902.0,0.0,33151.0,15941.0,47902.0,3.13,13.5,0.9709,SUP-05,35,0,0,,0.0,0.0,46508.05,False,Outdoor Gardening,Seeds,Vegetable
BTR-2002,2027-05,47902.0,21852.0,0.0,21864.0,47914.0,0.0,33151.0,15941.0,47902.0,3.64,15.8,0.9709,SUP-05,35,27576,0,2027-07,26773.54,0.0,46519.7,False,Outdoor Gardening,Seeds,Vegetable
BTR-2002,2027-06,47914.0,14617.0,0.0,0.0,33297.0,0.0,33151.0,15941.0,47902.0,2.68,11.6,0.9709,SUP-05,35,0,0,,0.0,0.0,32328.06,False,Outdoor Gardening,Seeds,Vegetable
BTR-2002,2027-07,33297.0,12955.0,0.0,27576.0,47918.0,0.0,33151.0,15941.0,47902.0,4.03,17.5,0.9709,SUP-05,35,0,0,,0.0,0.0,46523.59,False,Outdoor Gardening,Seeds,Vegetable
BTR-2002,2027-08,47918.0,11885.0,0.0,0.0,36033.0,0.0,33151.0,15941.0,47902.0,,,0.9709,SUP-05,35,0,0,,0.0,0.0,34984.44,False,Outdoor Gardening,Seeds,Vegetable
BTR-2003,2026-09,10013.0,6844.0,12485.0,0.0,15654.0,0.0,22912.0,10510.0,33542.0,1.35,5.8,1.1242,SUP-05,35,22320,0,2026-11,25092.14,0.0,17598.23,False,Outdoor Gardening,Seeds,Herb
BTR-2003,2026-10,15654.0,8700.0,11370.0,0.0,18324.0,0.0,22912.0,10510.0,33542.0,1.54,6.7,1.1242,SUP-05,35,0,0,,0.0,0.0,20599.84,False,Outdoor Gardening,Seeds,Herb
BTR-2003,2026-11,18324.0,7082.0,0.0,22320.0,33562.0,0.0,22912.0,10510.0,33542.0,2.7,11.7,1.1242,SUP-05,35,17304,0,2027-01,19453.16,0.0,37730.4,False,Outdoor Gardening,Seeds,Herb
BTR-2003,2026-12,33562.0,6257.0,0.0,0.0,27305.0,0.0,22912.0,10510.0,33542.0,2.07,9.0,1.1242,SUP-05,35,15624,0,2027-02,17564.5,0.0,30696.28,False,Outdoor Gardening,Seeds,Herb
BTR-2003,2027-01,27305.0,11047.0,0.0,17304.0,33562.0,0.0,22912.0,10510.0,33542.0,2.49,10.8,1.1242,SUP-05,35,19728,0,2027-03,22178.22,0.0,37730.4,False,Outdoor Gardening,Seeds,Herb
BTR-2003,2027-02,33562.0,15624.0,0.0,15624.0,33562.0,0.0,22912.0,10510.0,33542.0,2.55,11.1,1.1242,SUP-05,35,19320,0,2027-04,21719.54,0.0,37730.4,False,Outdoor Gardening,Seeds,Herb
BTR-2003,2027-03,33562.0,19748.0,0.0,19728.0,33542.0,0.0,22912.0,10510.0,33542.0,2.84,12.3,1.1242,SUP-05,35,14280,0,2027-05,16053.58,0.0,37707.92,False,Outdoor Gardening,Seeds,Herb
BTR-2003,2027-04,33542.0,19317.0,0.0,19320.0,33545.0,0.0,22912.0,10510.0,33542.0,3.37,14.6,1.1242,SUP-05,35,0,0,,0.0,0.0,37711.29,False,Outdoor Gardening,Seeds,Herb
BTR-2003,2027-05,33545.0,14260.0,0.0,14280.0,33565.0,0.0,22912.0,10510.0,33542.0,3.94,17.1,1.1242,SUP-05,35,17880,0,2027-07,20100.7,0.0,37733.77,False,Outdoor Gardening,Seeds,Herb
BTR-2003,2027-06,33565.0,9499.0,0.0,0.0,24066.0,0.0,22912.0,10510.0,33542.0,3.0,13.0,1.1242,SUP-05,35,0,0,,0.0,0.0,27055.0,False,Outdoor Gardening,Seeds,Herb
BTR-2003,2027-07,24066.0,8385.0,0.0,17880.0,33561.0,0.0,22912.0,10510.0,33542.0,4.38,19.0,1.1242,SUP-05,35,0,0,,0.0,0.0,37729.28,False,Outdoor Gardening,Seeds,Herb
BTR-2003,2027-08,33561.0,7661.0,0.0,0.0,25900.0,0.0,22912.0,10510.0,33542.0,,,1.1242,SUP-05,35,0,0,,0.0,0.0,29116.78,False,Outdoor Gardening,Seeds,Herb
BTR-2004,2026-09,11242.0,4423.0,3919.0,0.0,10738.0,0.0,10168.0,5927.0,17237.0,1.43,6.2,2.4192,SUP-09,18,12144,0,2026-10,29378.76,0.0,25977.37,False,Outdoor Gardening,Seeds,Flower
BTR-2004,2026-10,10738.0,5623.0,0.0,12144.0,17259.0,0.0,10168.0,5927.0,17237.0,2.24,9.7,2.4192,SUP-09,18,0,0,,0.0,0.0,41752.97,False,Outdoor Gardening,Seeds,Flower
BTR-2004,2026-11,17259.0,4578.0,0.0,0.0,12681.0,0.0,10168.0,5927.0,17237.0,1.58,6.8,2.4192,SUP-09,18,8616,0,2026-12,20843.83,0.0,30677.88,False,Outdoor Gardening,Seeds,Flower
BTR-2004,2026-12,12681.0,4046.0,0.0,8616.0,17251.0,0.0,10168.0,5927.0,17237.0,2.02,8.7,2.4192,SUP-09,18,7152,0,2027-01,17302.12,0.0,41733.62,False,Outdoor Gardening,Seeds,Flower
BTR-2004,2027-01,17251.0,7144.0,0.0,7152.0,17259.0,0.0,10168.0,5927.0,17237.0,1.98,8.6,2.4192,SUP-09,18,10104,0,2027-02,24443.6,0.0,41752.97,False,Outdoor Gardening,Seeds,Flower
BTR-2004,2027-02,17259.0,10106.0,0.0,10104.0,17257.0,0.0,10168.0,5927.0,17237.0,2.03,8.8,2.4192,SUP-09,18,12768,0,2027-03,30888.35,0.0,41748.13,False,Outdoor Gardening,Seeds,Flower
BTR-2004,2027-03,17257.0,12777.0,0.0,12768.0,17248.0,0.0,10168.0,5927.0,17237.0,2.25,9.8,2.4192,SUP-09,18,12504,0,2027-04,30249.68,0.0,41726.36,False,Outdoor Gardening,Seeds,Flower
BTR-2004,2027-04,17248.0,12500.0,0.0,12504.0,17252.0,0.0,10168.0,5927.0,17237.0,2.68,11.6,2.4192,SUP-09,18,9216,0,2027-05,22295.35,0.0,41736.04,False,Outdoor Gardening,Seeds,Flower
BTR-2004,2027-05,17252.0,9230.0,0.0,9216.0,17238.0,0.0,10168.0,5927.0,17237.0,3.13,13.5,2.4192,SUP-09,18,0,0,,0.0,0.0,41702.17,False,Outdoor Gardening,Seeds,Flower
BTR-2004,2027-06,17238.0,6150.0,0.0,0.0,11088.0,0.0,10168.0,5927.0,17237.0,2.13,9.2,2.4192,SUP-09,18,11592,0,2027-07,28043.37,0.0,26824.09,False,Outdoor Gardening,Seeds,Flower
BTR-2004,2027-07,11088.0,5430.0,0.0,11592.0,17250.0,0.0,10168.0,5927.0,17237.0,3.48,15.1,2.4192,SUP-09,18,0,0,,0.0,0.0,41731.2,False,Outdoor Gardening,Seeds,Flower
BTR-2004,2027-08,17250.0,4962.0,0.0,0.0,12288.0,0.0,10168.0,5927.0,17237.0,,,2.4192,SUP-09,18,0,0,,0.0,0.0,29727.13,False,Outdoor Gardening,Seeds,Flower
BTR-2005,2026-09,8001.0,1740.0,2555.0,0.0,8816.0,0.0,6472.0,3209.0,9268.0,2.93,12.7,6.3364,SUP-05,35,0,0,,0.0,0.0,55861.7,False,Outdoor Gardening,Seeds,Kids
BTR-2005,2026-10,8816.0,2218.0,2229.0,0.0,8827.0,0.0,6472.0,3209.0,9268.0,2.86,12.4,6.3364,SUP-05,35,3864,0,2026-12,24483.85,0.0,55931.4,False,Outdoor Gardening,Seeds,Kids
BTR-2005,2026-11,8827.0,1811.0,0.0,0.0,7016.0,0.0,6472.0,3209.0,9268.0,2.18,9.4,6.3364,SUP-05,35,2840,0,2027-01,17995.38,0.0,44456.18,False,Outdoor Gardening,Seeds,Kids
BTR-2005,2026-12,7016.0,1605.0,0.0,3864.0,9275.0,0.0,6472.0,3209.0,9268.0,2.71,11.7,6.3364,SUP-05,35,4032,0,2027-02,25548.36,0.0,58770.11,False,Outdoor Gardening,Seeds,Kids
BTR-2005,2027-01,9275.0,2843.0,0.0,2840.0,9272.0,0.0,6472.0,3209.0,9268.0,2.64,11.4,6.3364,SUP-05,35,5112,0,2027-03,32391.68,0.0,58751.1,False,Outdoor Gardening,Seeds,Kids
BTR-2005,2027-02,9272.0,4033.0,0.0,4032.0,9271.0,0.0,6472.0,3209.0,9268.0,2.71,11.7,6.3364,SUP-05,35,5024,0,2027-04,31834.07,0.0,58744.76,False,Outdoor Gardening,Seeds,Kids
BTR-2005,2027-03,9271.0,5114.0,0.0,5112.0,9269.0,0.0,6472.0,3209.0,9268.0,3.0,13.0,6.3364,SUP-05,35,3712,0,2027-05,23520.72,0.0,58732.09,False,Outdoor Gardening,Seeds,Kids
BTR-2005,2027-04,9269.0,5018.0,0.0,5024.0,9275.0,0.0,6472.0,3209.0,9268.0,3.56,15.4,6.3364,SUP-05,35,0,0,,0.0,0.0,58770.11,False,Outdoor Gardening,Seeds,Kids
BTR-2005,2027-05,9275.0,3715.0,0.0,3712.0,9272.0,0.0,6472.0,3209.0,9268.0,4.15,18.0,6.3364,SUP-05,35,4680,0,2027-07,29654.35,0.0,58751.1,False,Outdoor Gardening,Seeds,Kids
BTR-2005,2027-06,9272.0,2483.0,0.0,0.0,6789.0,0.0,6472.0,3209.0,9268.0,3.22,14.0,6.3364,SUP-05,35,0,0,,0.0,0.0,43017.82,False,Outdoor Gardening,Seeds,Kids
BTR-2005,2027-07,6789.0,2198.0,0.0,4680.0,9271.0,0.0,6472.0,3209.0,9268.0,4.6,19.9,6.3364,SUP-05,35,0,0,,0.0,0.0,58744.76,False,Outdoor Gardening,Seeds,Kids
BTR-2005,2027-08,9271.0,2015.0,0.0,0.0,7256.0,0.0,6472.0,3209.0,9268.0,,,6.3364,SUP-05,35,0,0,,0.0,0.0,45976.92,False,Outdoor Gardening,Seeds,Kids
BTR-2101,2026-09,61597.0,21023.0,0.0,0.0,40574.0,0.0,36598.0,21872.0,68153.0,1.27,5.5,4.3,SUP-06,14,54294,0,2026-10,233464.2,0.0,174468.2,False,Outdoor Gardening,Soils & Media,Potting
BTR-2101,2026-10,40574.0,26714.0,0.0,54294.0,68154.0,0.0,36598.0,21872.0,68153.0,2.09,9.1,4.3,SUP-06,14,0,0,,0.0,0.0,293062.2,False,Outdoor Gardening,Soils & Media,Potting
BTR-2101,2026-11,68154.0,15088.0,0.0,0.0,53066.0,0.0,36598.0,21872.0,68153.0,1.54,6.7,4.3,SUP-06,14,0,0,,0.0,0.0,228183.8,False,Outdoor Gardening,Soils & Media,Potting
BTR-2101,2026-12,53066.0,15498.0,0.0,0.0,37568.0,0.0,36598.0,21872.0,68153.0,1.02,4.4,4.3,SUP-06,14,50490,0,2027-01,217107.0,0.0,161542.4,False,Outdoor Gardening,Soils & Media,Potting
BTR-2101,2027-01,37568.0,19900.0,0.0,50490.0,68158.0,0.0,36598.0,21872.0,68153.0,1.74,7.5,4.3,SUP-06,14,32892,0,2027-02,141435.6,0.0,293079.4,False,Outdoor Gardening,Soils & Media,Potting
BTR-2101,2027-02,68158.0,32896.0,0.0,32892.0,68154.0,0.0,36598.0,21872.0,68153.0,1.69,7.3,4.3,SUP-06,14,51858,0,2027-03,222989.4,0.0,293062.2,False,Outdoor Gardening,Soils & Media,Potting
BTR-2101,2027-03,68154.0,51859.0,0.0,51858.0,68153.0,0.0,36598.0,21872.0,68153.0,1.79,7.8,4.3,SUP-06,14,57024,0,2027-04,245203.2,0.0,293057.9,False,Outdoor Gardening,Soils & Media,Potting
BTR-2101,2027-04,68153.0,57024.0,0.0,57024.0,68153.0,0.0,36598.0,21872.0,68153.0,2.05,8.9,4.3,SUP-06,14,46578,0,2027-05,200285.4,0.0,293057.9,False,Outdoor Gardening,Soils & Media,Potting
BTR-2101,2027-05,68153.0,46573.0,0.0,46578.0,68158.0,0.0,36598.0,21872.0,68153.0,2.36,10.2,4.3,SUP-06,14,35274,0,2027-06,151678.2,0.0,293079.4,False,Outdoor Gardening,Soils & Media,Potting
BTR-2101,2027-06,68158.0,35277.0,0.0,35274.0,68155.0,0.0,36598.0,21872.0,68153.0,2.66,11.5,4.3,SUP-06,14,0,0,,0.0,0.0,293066.5,False,Outdoor Gardening,Soils & Media,Potting
BTR-2101,2027-07,68155.0,28033.0,0.0,0.0,40122.0,0.0,36598.0,21872.0,68153.0,1.72,7.5,4.3,SUP-06,14,51330,0,2027-08,220719.0,0.0,172524.6,False,Outdoor Gardening,Soils & Media,Potting
BTR-2101,2027-08,40122.0,23296.0,0.0,51330.0,68156.0,0.0,36598.0,21872.0,68153.0,,,4.3,SUP-06,14,0,0,,0.0,0.0,293070.8,False,Outdoor Gardening,Soils & Media,Potting
BTR-2102,2026-09,13985.0,16129.0,40775.0,0.0,38631.0,0.0,24685.0,14922.0,45606.0,1.41,6.1,3.6,SUP-06,14,27822,0,2026-10,100159.2,0.0,139071.6,False,Outdoor Gardening,Soils & Media,Starting
BTR-2102,2026-10,38631.0,20843.0,0.0,27822.0,45610.0,0.0,24685.0,14922.0,45606.0,1.62,7.0,3.6,SUP-06,14,0,0,,0.0,0.0,164196.0,False,Outdoor Gardening,Soils & Media,Starting
BTR-2102,2026-11,45610.0,11971.0,0.0,0.0,33639.0,0.0,24685.0,14922.0,45606.0,1.13,4.9,3.6,SUP-06,14,24474,0,2026-12,88106.4,0.0,121100.4,False,Outdoor Gardening,Soils & Media,Starting
BTR-2102,2026-12,33639.0,12505.0,0.0,24474.0,45608.0,0.0,24685.0,14922.0,45606.0,1.42,6.2,3.6,SUP-06,14,0,0,,0.0,0.0,164188.8,False,Outdoor Gardening,Soils & Media,Starting
BTR-2102,2027-01,45608.0,16329.0,0.0,0.0,29279.0,0.0,24685.0,14922.0,45606.0,0.85,3.7,3.6,SUP-06,14,43782,0,2027-02,157615.2,0.0,105404.4,False,Outdoor Gardening,Soils & Media,Starting
BTR-2102,2027-02,29279.0,27451.0,0.0,43782.0,45610.0,0.0,24685.0,14922.0,45606.0,1.29,5.6,3.6,SUP-06,14,44010,0,2027-03,158436.0,0.0,164196.0,False,Outdoor Gardening,Soils & Media,Starting
BTR-2102,2027-03,45610.0,44009.0,0.0,44010.0,45611.0,0.0,24685.0,14922.0,45606.0,1.35,5.9,3.6,SUP-06,14,49212,0,2027-04,177163.2,0.0,164199.6,False,Outdoor Gardening,Soils & Media,Starting
BTR-2102,2027-04,45611.0,49213.0,0.0,49212.0,45610.0,0.0,24685.0,14922.0,45606.0,1.53,6.6,3.6,SUP-06,14,40872,0,2027-05,147139.2,0.0,164196.0,False,Outdoor Gardening,Soils & Media,Starting
BTR-2102,2027-05,45610.0,40875.0,0.0,40872.0,45607.0,0.0,24685.0,14922.0,45606.0,1.74,7.6,3.6,SUP-06,14,31488,0,2027-06,113356.8,0.0,164185.2,False,Outdoor Gardening,Soils & Media,Starting
BTR-2102,2027-06,45607.0,31486.0,0.0,31488.0,45609.0,0.0,24685.0,14922.0,45606.0,1.94,8.4,3.6,SUP-06,14,25446,0,2027-07,91605.6,0.0,164192.4,False,Outdoor Gardening,Soils & Media,Starting
BTR-2102,2027-07,45609.0,25444.0,0.0,25446.0,45611.0,0.0,24685.0,14922.0,45606.0,2.12,9.2,3.6,SUP-06,14,21498,0,2027-08,77392.8,0.0,164199.6,False,Outdoor Gardening,Soils & Media,Starting
BTR-2102,2027-08,45611.0,21503.0,0.0,21498.0,45606.0,0.0,24685.0,14922.0,45606.0,,,3.6,SUP-06,14,0,0,,0.0,0.0,164181.6,False,Outdoor Gardening,Soils & Media,Starting
BTR-2103,2026-09,31885.0,9028.0,13440.0,0.0,36297.0,0.0,10814.0,6630.0,23365.0,2.66,11.5,8.9,SUP-07,10,0,0,,0.0,0.0,323043.3,False,Outdoor Gardening,Soils & Media,Raised Bed
BTR-2103,2026-10,36297.0,11459.0,0.0,0.0,24838.0,0.0,10814.0,6630.0,23365.0,1.79,7.8,8.9,SUP-07,10,0,0,,0.0,0.0,221058.2,False,Outdoor Gardening,Soils & Media,Raised Bed
BTR-2103,2026-11,24838.0,6464.0,0.0,0.0,18374.0,0.0,10814.0,6630.0,23365.0,1.25,5.4,8.9,SUP-07,10,0,0,,0.0,0.0,163528.6,False,Outdoor Gardening,Soils & Media,Raised Bed
BTR-2103,2026-12,18374.0,6632.0,0.0,0.0,11742.0,0.0,10814.0,6630.0,23365.0,0.75,3.2,8.9,SUP-07,10,20132,0,2027-01,179174.8,0.0,104503.8,False,Outdoor Gardening,Soils & Media,Raised Bed
BTR-2103,2027-01,11742.0,8506.0,0.0,20132.0,23368.0,0.0,10814.0,6630.0,23365.0,1.4,6.1,8.9,SUP-07,10,14044,0,2027-02,124991.6,0.0,207975.2,False,Outdoor Gardening,Soils & Media,Raised Bed
BTR-2103,2027-02,23368.0,14045.0,0.0,14044.0,23367.0,0.0,10814.0,6630.0,23365.0,1.36,5.9,8.9,SUP-07,10,22116,0,2027-03,196832.4,0.0,207966.3,False,Outdoor Gardening,Soils & Media,Raised Bed
BTR-2103,2027-03,23367.0,22115.0,0.0,22116.0,23368.0,0.0,10814.0,6630.0,23365.0,1.44,6.3,8.9,SUP-07,10,24288,0,2027-04,216163.2,0.0,207975.2,False,Outdoor Gardening,Soils & Media,Raised Bed
BTR-2103,2027-04,23368.0,24289.0,0.0,24288.0,23367.0,0.0,10814.0,6630.0,23365.0,1.65,7.2,8.9,SUP-07,10,19812,0,2027-05,176326.8,0.0,207966.3,False,Outdoor Gardening,Soils & Media,Raised Bed
BTR-2103,2027-05,23367.0,19814.0,0.0,19812.0,23365.0,0.0,10814.0,6630.0,23365.0,1.91,8.3,8.9,SUP-07,10,14992,0,2027-06,133428.8,0.0,207948.5,False,Outdoor Gardening,Soils & Media,Raised Bed
BTR-2103,2027-06,23365.0,14991.0,0.0,14992.0,23366.0,0.0,10814.0,6630.0,23365.0,2.15,9.3,8.9,SUP-07,10,0,0,,0.0,0.0,207957.4,False,Outdoor Gardening,Soils & Media,Raised Bed
BTR-2103,2027-07,23366.0,11898.0,0.0,0.0,11468.0,0.0,10814.0,6630.0,23365.0,1.16,5.0,8.9,SUP-07,10,21776,0,2027-08,193806.4,0.0,102065.2,False,Outdoor Gardening,Soils & Media,Raised Bed
BTR-2103,2027-08,11468.0,9876.0,0.0,21776.0,23368.0,0.0,10814.0,6630.0,23365.0,,,8.9,SUP-07,10,0,0,,0.0,0.0,207975.2,False,Outdoor Gardening,Soils & Media,Raised Bed
BTR-2104,2026-09,24164.0,5508.0,8963.0,0.0,27619.0,0.0,6688.0,4064.0,14559.0,3.35,14.5,3.1,SUP-07,10,0,0,,0.0,0.0,85618.9,False,Outdoor Gardening,Soils & Media,Amendments
BTR-2104,2026-10,27619.0,6982.0,0.0,0.0,20637.0,0.0,6688.0,4064.0,14559.0,2.46,10.7,3.1,SUP-07,10,0,0,,0.0,0.0,63974.7,False,Outdoor Gardening,Soils & Media,Amendments
BTR-2104,2026-11,20637.0,3933.0,0.0,0.0,16704.0,0.0,6688.0,4064.0,14559.0,1.88,8.1,3.1,SUP-07,10,0,0,,0.0,0.0,51782.4,False,Outdoor Gardening,Soils & Media,Amendments
BTR-2104,2026-12,16704.0,4031.0,0.0,0.0,12673.0,0.0,6688.0,4064.0,14559.0,1.34,5.8,3.1,SUP-07,10,0,0,,0.0,0.0,39286.3,False,Outdoor Gardening,Soils & Media,Amendments
BTR-2104,2027-01,12673.0,5163.0,0.0,0.0,7510.0,0.0,6688.0,4064.0,14559.0,0.74,3.2,3.1,SUP-07,10,15564,0,2027-02,48248.4,0.0,23281.0,False,Outdoor Gardening,Soils & Media,Amendments
BTR-2104,2027-02,7510.0,8514.0,0.0,15564.0,14560.0,0.0,6688.0,4064.0,14559.0,1.4,6.1,3.1,SUP-07,10,13392,0,2027-03,41515.2,0.0,45136.0,False,Outdoor Gardening,Soils & Media,Amendments
BTR-2104,2027-03,14560.0,13389.0,0.0,13392.0,14563.0,0.0,6688.0,4064.0,14559.0,1.49,6.5,3.1,SUP-07,10,14682,0,2027-04,45514.2,0.0,45145.3,False,Outdoor Gardening,Soils & Media,Amendments
BTR-2104,2027-04,14563.0,14686.0,0.0,14682.0,14559.0,0.0,6688.0,4064.0,14559.0,1.71,7.4,3.1,SUP-07,10,11970,0,2027-05,37107.0,0.0,45132.9,False,Outdoor Gardening,Soils & Media,Amendments
BTR-2104,2027-05,14559.0,11965.0,0.0,11970.0,14564.0,0.0,6688.0,4064.0,14559.0,1.97,8.5,3.1,SUP-07,10,9036,0,2027-06,28011.6,0.0,45148.4,False,Outdoor Gardening,Soils & Media,Amendments
BTR-2104,2027-06,14564.0,9041.0,0.0,9036.0,14559.0,0.0,6688.0,4064.0,14559.0,2.22,9.6,3.1,SUP-07,10,0,0,,0.0,0.0,45132.9,False,Outdoor Gardening,Soils & Media,Amendments
BTR-2104,2027-07,14559.0,7167.0,0.0,0.0,7392.0,0.0,6688.0,4064.0,14559.0,1.24,5.4,3.1,SUP-07,10,13110,0,2027-08,40641.0,0.0,22915.2,False,Outdoor Gardening,Soils & Media,Amendments
BTR-2104,2027-08,7392.0,5941.0,0.0,13110.0,14561.0,0.0,6688.0,4064.0,14559.0,,,3.1,SUP-07,10,0,0,,0.0,0.0,45139.1,False,Outdoor Gardening,Soils & Media,Amendments
BTR-2201,2026-09,4121.0,1385.0,1338.0,0.0,4074.0,0.0,2206.0,1002.0,3926.0,2.02,8.7,32.5,SUP-08,21,0,0,,0.0,0.0,132405.0,False,Outdoor Gardening,Garden Kits,Beds
BTR-2201,2026-10,4074.0,1511.0,0.0,0.0,2563.0,0.0,2206.0,1002.0,3926.0,1.24,5.4,32.5,SUP-08,21,3226,0,2026-11,104845.0,0.0,83297.5,False,Outdoor Gardening,Garden Kits,Beds
BTR-2201,2026-11,2563.0,1863.0,0.0,3226.0,3926.0,0.0,2206.0,1002.0,3926.0,1.88,8.1,32.5,SUP-08,21,0,0,,0.0,0.0,127595.0,False,Outdoor Gardening,Garden Kits,Beds
BTR-2201,2026-12,3926.0,1536.0,0.0,0.0,2390.0,0.0,2206.0,1002.0,3926.0,1.1,4.8,32.5,SUP-08,21,2888,0,2027-01,93860.0,0.0,77675.0,False,Outdoor Gardening,Garden Kits,Beds
BTR-2201,2027-01,2390.0,1352.0,0.0,2888.0,3926.0,0.0,2206.0,1002.0,3926.0,1.72,7.5,32.5,SUP-08,21,1961,0,2027-02,63732.5,0.0,127595.0,False,Outdoor Gardening,Garden Kits,Beds
BTR-2201,2027-02,3926.0,1961.0,0.0,1961.0,3926.0,0.0,2206.0,1002.0,3926.0,1.68,7.3,32.5,SUP-08,21,2712,0,2027-03,88140.0,0.0,127595.0,False,Outdoor Gardening,Garden Kits,Beds
BTR-2201,2027-03,3926.0,2712.0,0.0,2712.0,3926.0,0.0,2206.0,1002.0,3926.0,1.74,7.5,32.5,SUP-08,21,3296,0,2027-04,107120.0,0.0,127595.0,False,Outdoor Gardening,Garden Kits,Beds
BTR-2201,2027-04,3926.0,3296.0,0.0,3296.0,3926.0,0.0,2206.0,1002.0,3926.0,1.97,8.5,32.5,SUP-08,21,3009,0,2027-05,97792.5,0.0,127595.0,False,Outdoor Gardening,Garden Kits,Beds
BTR-2201,2027-05,3926.0,3009.0,0.0,3009.0,3926.0,0.0,2206.0,1002.0,3926.0,2.37,10.3,32.5,SUP-08,21,1946,0,2027-06,63245.0,0.0,127595.0,False,Outdoor Gardening,Garden Kits,Beds
BTR-2201,2027-06,3926.0,1946.0,0.0,1946.0,3926.0,0.0,2206.0,1002.0,3926.0,2.59,11.2,32.5,SUP-08,21,0,0,,0.0,0.0,127595.0,False,Outdoor Gardening,Garden Kits,Beds
BTR-2201,2027-07,3926.0,1476.0,0.0,0.0,2450.0,0.0,2206.0,1002.0,3926.0,1.58,6.8,32.5,SUP-08,21,3029,0,2027-08,98442.5,0.0,79625.0,False,Outdoor Gardening,Garden Kits,Beds
BTR-2201,2027-08,2450.0,1553.0,0.0,3029.0,3926.0,0.0,2206.0,1002.0,3926.0,,,32.5,SUP-08,21,0,0,,0.0,0.0,127595.0,False,Outdoor Gardening,Garden Kits,Beds
BTR-2202,2026-09,1383.0,2124.0,2036.0,0.0,1295.0,0.0,3767.0,1918.0,6409.0,0.39,1.7,14.2,SUP-08,21,7460,0,2026-10,105932.0,0.0,18389.0,False,Outdoor Gardening,Garden Kits,Planters
BTR-2202,2026-10,1295.0,2343.0,0.0,7460.0,6412.0,0.0,3767.0,1918.0,6409.0,1.88,8.1,14.2,SUP-08,21,2920,0,2026-11,41464.0,0.0,91050.4,False,Outdoor Gardening,Garden Kits,Planters
BTR-2202,2026-11,6412.0,2922.0,0.0,2920.0,6410.0,0.0,3767.0,1918.0,6409.0,1.85,8.0,14.2,SUP-08,21,0,0,,0.0,0.0,91022.0,False,Outdoor Gardening,Garden Kits,Planters
BTR-2202,2026-12,6410.0,2436.0,0.0,0.0,3974.0,0.0,3767.0,1918.0,6409.0,1.1,4.8,14.2,SUP-08,21,4604,0,2027-01,65376.8,0.0,56430.8,False,Outdoor Gardening,Garden Kits,Planters
BTR-2202,2027-01,3974.0,2168.0,0.0,4604.0,6410.0,0.0,3767.0,1918.0,6409.0,1.68,7.3,14.2,SUP-08,21,3180,0,2027-02,45156.0,0.0,91022.0,False,Outdoor Gardening,Garden Kits,Planters
BTR-2202,2027-02,6410.0,3179.0,0.0,3180.0,6411.0,0.0,3767.0,1918.0,6409.0,1.64,7.1,14.2,SUP-08,21,4444,0,2027-03,63104.8,0.0,91036.2,False,Outdoor Gardening,Garden Kits,Planters
BTR-2202,2027-03,6411.0,4445.0,0.0,4444.0,6410.0,0.0,3767.0,1918.0,6409.0,1.68,7.3,14.2,SUP-08,21,5464,0,2027-04,77588.8,0.0,91022.0,False,Outdoor Gardening,Garden Kits,Planters
BTR-2202,2027-04,6410.0,5462.0,0.0,5464.0,6412.0,0.0,3767.0,1918.0,6409.0,1.89,8.2,14.2,SUP-08,21,5040,0,2027-05,71568.0,0.0,91050.4,False,Outdoor Gardening,Garden Kits,Planters
BTR-2202,2027-05,6412.0,5043.0,0.0,5040.0,6409.0,0.0,3767.0,1918.0,6409.0,2.26,9.8,14.2,SUP-08,21,3300,0,2027-06,46860.0,0.0,91007.8,False,Outdoor Gardening,Garden Kits,Planters
BTR-2202,2027-06,6409.0,3298.0,0.0,3300.0,6411.0,0.0,3767.0,1918.0,6409.0,2.46,10.6,14.2,SUP-08,21,0,0,,0.0,0.0,91036.2,False,Outdoor Gardening,Garden Kits,Planters
BTR-2202,2027-07,6411.0,2529.0,0.0,0.0,3882.0,0.0,3767.0,1918.0,6409.0,1.44,6.2,14.2,SUP-08,21,5220,0,2027-08,74124.0,0.0,55124.4,False,Outdoor Gardening,Garden Kits,Planters
BTR-2202,2027-08,3882.0,2691.0,0.0,5220.0,6411.0,0.0,3767.0,1918.0,6409.0,,,14.2,SUP-08,21,0,0,,0.0,0.0,91036.2,False,Outdoor Gardening,Garden Kits,Planters
BTR-2203,2026-09,3416.0,2368.0,4756.0,0.0,5804.0,0.0,12769.0,4135.0,15712.0,1.69,7.3,8.8116,SUP-03,88,9852,0,2026-12,86811.88,0.0,51142.53,False,Outdoor Gardening,Garden Kits,Kids
BTR-2203,2026-10,5804.0,2581.0,4884.0,0.0,8107.0,0.0,12769.0,4135.0,15712.0,2.31,10.0,8.8116,SUP-03,88,0,0,,0.0,0.0,71435.64,False,Outdoor Gardening,Garden Kits,Kids
BTR-2203,2026-11,8107.0,3178.0,3553.0,0.0,8482.0,0.0,12769.0,4135.0,15712.0,2.39,10.4,8.8116,SUP-03,88,5628,0,2027-02,49591.68,0.0,74739.99,False,Outdoor Gardening,Garden Kits,Kids
BTR-2203,2026-12,8482.0,2617.0,0.0,9852.0,15717.0,0.0,12769.0,4135.0,15712.0,4.29,18.6,8.8116,SUP-03,88,4602,0,2027-03,40550.98,0.0,138491.92,False,Outdoor Gardening,Garden Kits,Kids
BTR-2203,2027-01,15717.0,2300.0,0.0,0.0,13417.0,0.0,12769.0,4135.0,15712.0,3.48,15.1,8.8116,SUP-03,88,5586,0,2027-04,49221.6,0.0,118225.24,False,Outdoor Gardening,Garden Kits,Kids
BTR-2203,2027-02,13417.0,3331.0,0.0,5628.0,15714.0,0.0,12769.0,4135.0,15712.0,3.98,17.2,8.8116,SUP-03,88,5088,0,2027-05,44833.42,0.0,138465.48,False,Outdoor Gardening,Garden Kits,Kids
BTR-2203,2027-03,15714.0,4601.0,0.0,4602.0,15715.0,0.0,12769.0,4135.0,15712.0,4.12,17.8,8.8116,SUP-03,88,3288,0,2027-06,28972.54,0.0,138474.29,False,Outdoor Gardening,Garden Kits,Kids
BTR-2203,2027-04,15715.0,5584.0,0.0,5586.0,15717.0,0.0,12769.0,4135.0,15712.0,4.66,20.2,8.8116,SUP-03,88,0,0,,0.0,0.0,138491.92,False,Outdoor Gardening,Garden Kits,Kids
BTR-2203,2027-05,15717.0,5091.0,0.0,5088.0,15714.0,0.0,12769.0,4135.0,15712.0,5.62,24.3,8.8116,SUP-03,88,5106,0,2027-08,44992.03,0.0,138465.48,False,Outdoor Gardening,Garden Kits,Kids
BTR-2203,2027-06,15714.0,3288.0,0.0,3288.0,15714.0,0.0,12769.0,4135.0,15712.0,6.15,26.6,8.8116,SUP-03,88,0,0,,0.0,0.0,138465.48,False,Outdoor Gardening,Garden Kits,Kids
BTR-2203,2027-07,15714.0,2490.0,0.0,0.0,13224.0,0.0,12769.0,4135.0,15712.0,5.05,21.9,8.8116,SUP-03,88,0,0,,0.0,0.0,116524.6,False,Outdoor Gardening,Garden Kits,Kids
BTR-2203,2027-08,13224.0,2617.0,0.0,5106.0,15713.0,0.0,12769.0,4135.0,15712.0,,,8.8116,SUP-03,88,0,0,,0.0,0.0,138456.67,False,Outdoor Gardening,Garden Kits,Kids
BTR-2204,2026-09,7451.0,1408.0,2054.0,0.0,8097.0,0.0,8805.0,4042.0,10429.0,4.29,18.6,17.6232,SUP-03,88,4764,0,2026-12,83956.92,0.0,142695.05,False,Outdoor Gardening,Garden Kits,Gifting
BTR-2204,2026-10,8097.0,1516.0,2426.0,0.0,9007.0,0.0,8805.0,4042.0,10429.0,4.68,20.3,17.6232,SUP-03,88,0,0,,0.0,0.0,158732.16,False,Outdoor Gardening,Garden Kits,Gifting
BTR-2204,2026-11,9007.0,1843.0,0.0,0.0,7164.0,0.0,8805.0,4042.0,10429.0,3.71,16.1,17.6232,SUP-03,88,3164,0,2027-02,55759.8,0.0,126252.6,False,Outdoor Gardening,Garden Kits,Gifting
BTR-2204,2026-12,7164.0,1499.0,0.0,4764.0,10429.0,0.0,8805.0,4042.0,10429.0,5.25,22.7,17.6232,SUP-03,88,2536,0,2027-03,44692.44,0.0,183792.35,False,Outdoor Gardening,Garden Kits,Gifting
BTR-2204,2027-01,10429.0,1301.0,0.0,0.0,9128.0,0.0,8805.0,4042.0,10429.0,4.38,19.0,17.6232,SUP-03,88,3040,0,2027-04,53574.53,0.0,160864.57,False,Outdoor Gardening,Garden Kits,Gifting
BTR-2204,2027-02,9128.0,1860.0,0.0,3164.0,10432.0,0.0,8805.0,4042.0,10429.0,4.92,21.3,17.6232,SUP-03,88,2740,0,2027-05,48287.57,0.0,183845.22,False,Outdoor Gardening,Garden Kits,Gifting
BTR-2204,2027-03,10432.0,2537.0,0.0,2536.0,10431.0,0.0,8805.0,4042.0,10429.0,5.12,22.2,17.6232,SUP-03,88,1744,0,2027-06,30734.86,0.0,183827.6,False,Outdoor Gardening,Garden Kits,Gifting
BTR-2204,2027-04,10431.0,3041.0,0.0,3040.0,10430.0,0.0,8805.0,4042.0,10429.0,5.84,25.3,17.6232,SUP-03,88,0,0,,0.0,0.0,183809.98,False,Outdoor Gardening,Garden Kits,Gifting
BTR-2204,2027-05,10430.0,2738.0,0.0,2740.0,10432.0,0.0,8805.0,4042.0,10429.0,7.1,30.7,17.6232,SUP-03,88,2660,0,2027-08,46877.71,0.0,183845.22,False,Outdoor Gardening,Garden Kits,Gifting
BTR-2204,2027-06,10432.0,1746.0,0.0,1744.0,10430.0,0.0,8805.0,4042.0,10429.0,7.84,33.9,17.6232,SUP-03,88,0,0,,0.0,0.0,183809.98,False,Outdoor Gardening,Garden Kits,Gifting
BTR-2204,2027-07,10430.0,1306.0,0.0,0.0,9124.0,0.0,8805.0,4042.0,10429.0,6.73,29.2,17.6232,SUP-03,88,0,0,,0.0,0.0,160794.08,False,Outdoor Gardening,Garden Kits,Gifting
BTR-2204,2027-08,9124.0,1355.0,0.0,2660.0,10429.0,0.0,8805.0,4042.0,10429.0,,,17.6232,SUP-03,88,0,0,,0.0,0.0,183792.35,False,Outdoor Gardening,Garden Kits,Gifting
