division,category,subcategory,sku,month,month_no,horizon_step,base_level,seasonal_index,yoy_growth,statistical_forecast,manual_override,final_forecast,override_source
Indoor Growing,Herb Kits,Gifting,BTR-1204,2026-09,9,1,2787.5416879661993,0.857681592864025,0.09023554941076117,2478.0,,2478.0,statistical
Indoor Growing,Herb Kits,Gifting,BTR-1204,2026-10,10,2,2787.5416879661993,0.9165900084142423,0.09023554941076117,2668.0,,2668.0,statistical
Indoor Growing,Herb Kits,Gifting,BTR-1204,2026-11,11,3,2787.5416879661993,1.305008872011963,0.09023554941076117,3826.0,,3826.0,statistical
Indoor Growing,Herb Kits,Gifting,BTR-1204,2026-12,12,4,2787.5416879661993,0.9657884755398413,0.09023554941076117,2852.0,,2852.0,statistical
Indoor Growing,Herb Kits,Gifting,BTR-1204,2027-01,1,5,2787.5416879661993,0.8394963661808496,0.09023554941076117,2497.0,,2497.0,statistical
Indoor Growing,Herb Kits,Gifting,BTR-1204,2027-02,2,6,2787.5416879661993,0.9250025068338471,0.09023554941076117,2771.0,,2771.0,statistical
Indoor Growing,Herb Kits,Gifting,BTR-1204,2027-03,3,7,2787.5416879661993,1.1427439149333183,0.09023554941076117,3448.0,,3448.0,statistical
Indoor Growing,Herb Kits,Gifting,BTR-1204,2027-04,4,8,2787.5416879661993,1.3028115776486335,0.09023554941076117,3959.0,,3959.0,statistical
Indoor Growing,Herb Kits,Gifting,BTR-1204,2027-05,5,9,2787.5416879661993,1.1625195642032846,0.09023554941076117,3559.0,,3559.0,statistical
Indoor Growing,Herb Kits,Gifting,BTR-1204,2027-06,6,10,2787.5416879661993,0.9167992745440833,0.09023554941076117,2827.0,,2827.0,statistical
Indoor Growing,Herb Kits,Gifting,BTR-1204,2027-07,7,11,2787.5416879661993,0.8154307612491445,0.09023554941076117,2532.0,,2532.0,statistical
Indoor Growing,Herb Kits,Gifting,BTR-1204,2027-08,8,12,2787.5416879661993,0.850127085576768,0.09023554941076117,2659.0,,2659.0,statistical
Indoor Growing,Herb Kits,Microgreens,BTR-1205,2026-09,9,1,2303.693330497631,0.857681592864025,0.13860056271709076,2086.0,,2086.0,statistical
Indoor Growing,Herb Kits,Microgreens,BTR-1205,2026-10,10,2,2303.693330497631,0.9165900084142423,0.13860056271709076,2253.0,,2253.0,statistical
Indoor Growing,Herb Kits,Microgreens,BTR-1205,2026-11,11,3,2303.693330497631,1.305008872011963,0.13860056271709076,3243.0,,3243.0,statistical
Indoor Growing,Herb Kits,Microgreens,BTR-1205,2026-12,12,4,2303.693330497631,0.9657884755398413,0.13860056271709076,2426.0,,2426.0,statistical
Indoor Growing,Herb Kits,Microgreens,BTR-1205,2027-01,1,5,2303.693330497631,0.8394963661808496,0.13860056271709076,2132.0,,2132.0,statistical
Indoor Growing,Herb Kits,Microgreens,BTR-1205,2027-02,2,6,2303.693330497631,0.9250025068338471,0.13860056271709076,2374.0,,2374.0,statistical
Indoor Growing,Herb Kits,Microgreens,BTR-1205,2027-03,3,7,2303.693330497631,1.1427439149333183,0.13860056271709076,2965.0,,2965.0,statistical
Indoor Growing,Herb Kits,Microgreens,BTR-1205,2027-04,4,8,2303.693330497631,1.3028115776486335,0.13860056271709076,3417.0,,3417.0,statistical
Indoor Growing,Herb Kits,Microgreens,BTR-1205,2027-05,5,9,2303.693330497631,1.1625195642032846,0.13860056271709076,3082.0,,3082.0,statistical
Indoor Growing,Herb Kits,Microgreens,BTR-1205,2027-06,6,10,2303.693330497631,0.9167992745440833,0.13860056271709076,2457.0,,2457.0,statistical
Indoor Growing,Herb Kits,Microgreens,BTR-1205,2027-07,7,11,2303.693330497631,0.8154307612491445,0.13860056271709076,2209.0,,2209.0,statistical
Indoor Growing,Herb Kits,Microgreens,BTR-1205,2027-08,8,12,2303.693330497631,0.850127085576768,0.13860056271709076,2328.0,,2328.0,statistical
Indoor Growing,Herb Kits,Single Herb,BTR-1201,2026-09,9,1,6404.036075084977,0.857681592864025,0.09133627734993177,5696.0,,5696.0,statistical
Indoor Growing,Herb Kits,Single Herb,BTR-1201,2026-10,10,2,6404.036075084977,0.9165900084142423,0.09133627734993177,6132.0,,6132.0,statistical
Indoor Growing,Herb Kits,Single Herb,BTR-1201,2026-11,11,3,6404.036075084977,1.305008872011963,0.09133627734993177,8794.0,,8794.0,statistical
Indoor Growing,Herb Kits,Single Herb,BTR-1201,2026-12,12,4,6404.036075084977,0.9657884755398413,0.09133627734993177,6556.0,,6556.0,statistical
Indoor Growing,Herb Kits,Single Herb,BTR-1201,2027-01,1,5,6404.036075084977,0.8394963661808496,0.09133627734993177,5740.0,,5740.0,statistical
Indoor Growing,Herb Kits,Single Herb,BTR-1201,2027-02,2,6,6404.036075084977,0.9250025068338471,0.09133627734993177,6371.0,,6371.0,statistical
Indoor Growing,Herb Kits,Single Herb,BTR-1201,2027-03,3,7,6404.036075084977,1.1427439149333183,0.09133627734993177,7929.0,,7929.0,statistical
Indoor Growing,Herb Kits,Single Herb,BTR-1201,2027-04,4,8,6404.036075084977,1.3028115776486335,0.09133627734993177,9105.0,,9105.0,statistical
Indoor Growing,Herb Kits,Single Herb,BTR-1201,2027-05,5,9,6404.036075084977,1.1625195642032846,0.09133627734993177,8184.0,,8184.0,statistical
Indoor Growing,Herb Kits,Single Herb,BTR-1201,2027-06,6,10,6404.036075084977,0.9167992745440833,0.09133627734993177,6501.0,,6501.0,statistical
Indoor Growing,Herb Kits,Single Herb,BTR-1201,2027-07,7,11,6404.036075084977,0.8154307612491445,0.09133627734993177,5825.0,,5825.0,statistical
Indoor Growing,Herb Kits,Single Herb,BTR-1201,2027-08,8,12,6404.036075084977,0.850127085576768,0.09133627734993177,6117.0,,6117.0,statistical
Indoor Growing,Herb Kits,Single Herb,BTR-1202,2026-09,9,1,4314.344938145499,0.857681592864025,-0.07375893677906453,3584.0,,3584.0,statistical
Indoor Growing,Herb Kits,Single Herb,BTR-1202,2026-10,10,2,4314.344938145499,0.9165900084142423,-0.07375893677906453,3806.0,,3806.0,statistical
Indoor Growing,Herb Kits,Single Herb,BTR-1202,2026-11,11,3,4314.344938145499,1.305008872011963,-0.07375893677906453,5384.0,,5384.0,statistical
Indoor Growing,Herb Kits,Single Herb,BTR-1202,2026-12,12,4,4314.344938145499,0.9657884755398413,-0.07375893677906453,3959.0,,3959.0,statistical
Indoor Growing,Herb Kits,Single Herb,BTR-1202,2027-01,1,5,4314.344938145499,0.8394963661808496,-0.07375893677906453,3420.0,,3420.0,statistical
Indoor Growing,Herb Kits,Single Herb,BTR-1202,2027-02,2,6,4314.344938145499,0.9250025068338471,-0.07375893677906453,3744.0,,3744.0,statistical
Indoor Growing,Herb Kits,Single Herb,BTR-1202,2027-03,3,7,4314.344938145499,1.1427439149333183,-0.07375893677906453,4596.0,,4596.0,statistical
Indoor Growing,Herb Kits,Single Herb,BTR-1202,2027-04,4,8,4314.344938145499,1.3028115776486335,-0.07375893677906453,5206.0,,5206.0,statistical
Indoor Growing,Herb Kits,Single Herb,BTR-1202,2027-05,5,9,4314.344938145499,1.1625195642032846,-0.07375893677906453,4616.0,,4616.0,statistical
Indoor Growing,Herb Kits,Single Herb,BTR-1202,2027-06,6,10,4314.344938145499,0.9167992745440833,-0.07375893677906453,3617.0,,3617.0,statistical
Indoor Growing,Herb Kits,Single Herb,BTR-1202,2027-07,7,11,4314.344938145499,0.8154307612491445,-0.07375893677906453,3197.0,,3197.0,statistical
Indoor Growing,Herb Kits,Single Herb,BTR-1202,2027-08,8,12,4314.344938145499,0.850127085576768,-0.07375893677906453,3312.0,,3312.0,statistical
Indoor Growing,Herb Kits,Single Herb,BTR-1203,2026-09,9,1,3110.4057188195475,0.857681592864025,0.14470331204061204,2822.0,,2822.0,statistical
Indoor Growing,Herb Kits,Single Herb,BTR-1203,2026-10,10,2,3110.4057188195475,0.9165900084142423,0.14470331204061204,3050.0,,3050.0,statistical
Indoor Growing,Herb Kits,Single Herb,BTR-1203,2026-11,11,3,3110.4057188195475,1.305008872011963,0.14470331204061204,4392.0,,4392.0,statistical
Indoor Growing,Herb Kits,Single Herb,BTR-1203,2026-12,12,4,3110.4057188195475,0.9657884755398413,0.14470331204061204,3287.0,,3287.0,statistical
Indoor Growing,Herb Kits,Single Herb,BTR-1203,2027-01,1,5,3110.4057188195475,0.8394963661808496,0.14470331204061204,2890.0,,2890.0,statistical
Indoor Growing,Herb Kits,Single Herb,BTR-1203,2027-02,2,6,3110.4057188195475,0.9250025068338471,0.14470331204061204,3220.0,,3220.0,statistical
Indoor Growing,Herb Kits,Single Herb,BTR-1203,2027-03,3,7,3110.4057188195475,1.1427439149333183,0.14470331204061204,4023.0,,4023.0,statistical
Indoor Growing,Herb Kits,Single Herb,BTR-1203,2027-04,4,8,3110.4057188195475,1.3028115776486335,0.14470331204061204,4639.0,,4639.0,statistical
Indoor Growing,Herb Kits,Single Herb,BTR-1203,2027-05,5,9,3110.4057188195475,1.1625195642032846,0.14470331204061204,4186.0,,4186.0,statistical
Indoor Growing,Herb Kits,Single Herb,BTR-1203,2027-06,6,10,3110.4057188195475,0.9167992745440833,0.14470331204061204,3339.0,,3339.0,statistical
Indoor Growing,Herb Kits,Single Herb,BTR-1203,2027-07,7,11,3110.4057188195475,0.8154307612491445,0.14470331204061204,3003.0,,3003.0,statistical
Indoor Growing,Herb Kits,Single Herb,BTR-1203,2027-08,8,12,3110.4057188195475,0.850127085576768,0.14470331204061204,3166.0,,3166.0,statistical
Indoor Growing,Mushroom Kits,Gifting,BTR-1005,2026-09,9,1,2332.7738391609773,0.8907634244926866,0.35,2355.0,,2355.0,statistical
Indoor Growing,Mushroom Kits,Gifting,BTR-1005,2026-10,10,2,2332.7738391609773,1.2319397820337525,0.35,3339.0,,3339.0,statistical
Indoor Growing,Mushroom Kits,Gifting,BTR-1005,2026-11,11,3,2332.7738391609773,1.5955808730972043,0.35,4434.0,,4434.0,statistical
Indoor Growing,Mushroom Kits,Gifting,BTR-1005,2026-12,12,4,2332.7738391609773,1.791441877080421,0.35,5105.0,,5105.0,statistical
Indoor Growing,Mushroom Kits,Gifting,BTR-1005,2027-01,1,5,2332.7738391609773,0.8171290201693108,0.35,2387.0,,2387.0,statistical
Indoor Growing,Mushroom Kits,Gifting,BTR-1005,2027-02,2,6,2332.7738391609773,0.7915577504291553,0.35,2371.0,,2371.0,statistical
Indoor Growing,Mushroom Kits,Gifting,BTR-1005,2027-03,3,7,2332.7738391609773,0.8503648880013429,0.35,2612.0,,2612.0,statistical
Indoor Growing,Mushroom Kits,Gifting,BTR-1005,2027-04,4,8,2332.7738391609773,0.857161283831485,0.35,2699.0,,2699.0,statistical
Indoor Growing,Mushroom Kits,Gifting,BTR-1005,2027-05,5,9,2332.7738391609773,0.8129236654640332,0.35,2625.0,,2625.0,statistical
Indoor Growing,Mushroom Kits,Gifting,BTR-1005,2027-06,6,10,2332.7738391609773,0.7690387542654109,0.35,2546.0,,2546.0,statistical
Indoor Growing,Mushroom Kits,Gifting,BTR-1005,2027-07,7,11,2332.7738391609773,0.7708022901095597,0.35,2617.0,,2617.0,statistical
Indoor Growing,Mushroom Kits,Gifting,BTR-1005,2027-08,8,12,2332.7738391609773,0.8212963910256375,0.35,2859.0,,2859.0,statistical
Indoor Growing,Mushroom Kits,Multi-Packs,BTR-1004,2026-09,9,1,2512.2755592917547,0.8907634244926866,-0.07537030041489146,2166.0,,2166.0,statistical
Indoor Growing,Mushroom Kits,Multi-Packs,BTR-1004,2026-10,10,2,2512.2755592917547,1.2319397820337525,-0.07537030041489146,2976.0,,2976.0,statistical
Indoor Growing,Mushroom Kits,Multi-Packs,BTR-1004,2026-11,11,3,2512.2755592917547,1.5955808730972043,-0.07537030041489146,3829.0,,3829.0,statistical
Indoor Growing,Mushroom Kits,Multi-Packs,BTR-1004,2026-12,12,4,2512.2755592917547,1.791441877080421,-0.07537030041489146,4272.0,,4272.0,statistical
Indoor Growing,Mushroom Kits,Multi-Packs,BTR-1004,2027-01,1,5,2512.2755592917547,0.8171290201693108,-0.07537030041489146,1936.0,,1936.0,statistical
Indoor Growing,Mushroom Kits,Multi-Packs,BTR-1004,2027-02,2,6,2512.2755592917547,0.7915577504291553,-0.07537030041489146,1863.0,,1863.0,statistical
Indoor Growing,Mushroom Kits,Multi-Packs,BTR-1004,2027-03,3,7,2512.2755592917547,0.8503648880013429,-0.07537030041489146,1988.0,,1988.0,statistical
Indoor Growing,Mushroom Kits,Multi-Packs,BTR-1004,2027-04,4,8,2512.2755592917547,0.857161283831485,-0.07537030041489146,1991.0,,1991.0,statistical
Indoor Growing,Mushroom Kits,Multi-Packs,BTR-1004,2027-05,5,9,2512.2755592917547,0.8129236654640332,-0.07537030041489146,1876.0,,1876.0,statistical
Indoor Growing,Mushroom Kits,Multi-Packs,BTR-1004,2027-06,6,10,2512.2755592917547,0.7690387542654109,-0.07537030041489146,1763.0,,1763.0,statistical
Indoor Growing,Mushroom Kits,Multi-Packs,BTR-1004,2027-07,7,11,2512.2755592917547,0.7708022901095597,-0.07537030041489146,1756.0,,1756.0,statistical
Indoor Growing,Mushroom Kits,Multi-Packs,BTR-1004,2027-08,8,12,2512.2755592917547,0.8212963910256375,-0.07537030041489146,1859.0,,1859.0,statistical
Indoor Growing,Mushroom Kits,Single Kits,BTR-1001,2026-09,9,1,18131.115507975985,0.8907634244926866,0.16403508752333096,17206.0,,17206.0,statistical
Indoor Growing,Mushroom Kits,Single Kits,BTR-1001,2026-10,10,2,18131.115507975985,1.2319397820337525,0.16403508752333096,24099.0,,24099.0,statistical
Indoor Growing,Mushroom Kits,Single Kits,BTR-1001,2026-11,11,3,18131.115507975985,1.5955808730972043,0.16403508752333096,31610.0,,31610.0,statistical
Indoor Growing,Mushroom Kits,Single Kits,BTR-1001,2026-12,12,4,18131.115507975985,1.791441877080421,0.16403508752333096,35942.0,,35942.0,statistical
Indoor Growing,Mushroom Kits,Single Kits,BTR-1001,2027-01,1,5,18131.115507975985,0.8171290201693108,0.16403508752333096,16603.0,,16603.0,statistical
Indoor Growing,Mushroom Kits,Single Kits,BTR-1001,2027-02,2,6,18131.115507975985,0.7915577504291553,0.16403508752333096,16288.0,,16288.0,statistical
Indoor Growing,Mushroom Kits,Single Kits,BTR-1001,2027-03,3,7,18131.115507975985,0.8503648880013429,0.16403508752333096,17721.0,,17721.0,statistical
Indoor Growing,Mushroom Kits,Single Kits,BTR-1001,2027-04,4,8,18131.115507975985,0.857161283831485,0.16403508752333096,18091.0,,18091.0,statistical
Indoor Growing,Mushroom Kits,Single Kits,BTR-1001,2027-05,5,9,18131.115507975985,0.8129236654640332,0.16403508752333096,17376.0,,17376.0,statistical
Indoor Growing,Mushroom Kits,Single Kits,BTR-1001,2027-06,6,10,18131.115507975985,0.7690387542654109,0.16403508752333096,16647.0,,16647.0,statistical
Indoor Growing,Mushroom Kits,Single Kits,BTR-1001,2027-07,7,11,18131.115507975985,0.7708022901095597,0.16403508752333096,16898.0,,16898.0,statistical
Indoor Growing,Mushroom Kits,Single Kits,BTR-1001,2027-08,8,12,18131.115507975985,0.8212963910256375,0.16403508752333096,18234.0,,18234.0,statistical
Indoor Growing,Mushroom Kits,Single Kits,BTR-1002,2026-09,9,1,4875.406154922051,0.8907634244926866,-0.008271627881339394,4328.0,,4328.0,statistical
Indoor Growing,Mushroom Kits,Single Kits,BTR-1002,2026-10,10,2,4875.406154922051,1.2319397820337525,-0.008271627881339394,5981.0,,5981.0,statistical
Indoor Growing,Mushroom Kits,Single Kits,BTR-1002,2026-11,11,3,4875.406154922051,1.5955808730972043,-0.008271627881339394,7742.0,,7742.0,statistical
Indoor Growing,Mushroom Kits,Single Kits,BTR-1002,2026-12,12,4,4875.406154922051,1.791441877080421,-0.008271627881339394,8686.0,,8686.0,statistical
Indoor Growing,Mushroom Kits,Single Kits,BTR-1002,2027-01,1,5,4875.406154922051,0.8171290201693108,-0.008271627881339394,3959.0,,3959.0,statistical
Indoor Growing,Mushroom Kits,Single Kits,BTR-1002,2027-02,2,6,4875.406154922051,0.7915577504291553,-0.008271627881339394,3833.0,,3833.0,statistical
Indoor Growing,Mushroom Kits,Single Kits,BTR-1002,2027-03,3,7,4875.406154922051,0.8503648880013429,-0.008271627881339394,4114.0,,4114.0,statistical
Indoor Growing,Mushroom Kits,Single Kits,BTR-1002,2027-04,4,8,4875.406154922051,0.857161283831485,-0.008271627881339394,4144.0,,4144.0,statistical
Indoor Growing,Mushroom Kits,Single Kits,BTR-1002,2027-05,5,9,4875.406154922051,0.8129236654640332,-0.008271627881339394,3928.0,,3928.0,statistical
Indoor Growing,Mushroom Kits,Single Kits,BTR-1002,2027-06,6,10,4875.406154922051,0.7690387542654109,-0.008271627881339394,3713.0,,3713.0,statistical
Indoor Growing,Mushroom Kits,Single Kits,BTR-1002,2027-07,7,11,4875.406154922051,0.7708022901095597,-0.008271627881339394,3719.0,,3719.0,statistical
Indoor Growing,Mushroom Kits,Single Kits,BTR-1002,2027-08,8,12,4875.406154922051,0.8212963910256375,-0.008271627881339394,3960.0,,3960.0,statistical
Indoor Growing,Mushroom Kits,Single Kits,BTR-1003,2026-09,9,1,3084.2527580499745,0.8907634244926866,-0.0433381339929072,2697.0,,2697.0,statistical
Indoor Growing,Mushroom Kits,Single Kits,BTR-1003,2026-10,10,2,3084.2527580499745,1.2319397820337525,-0.0433381339929072,3716.0,,3716.0,statistical
Indoor Growing,Mushroom Kits,Single Kits,BTR-1003,2026-11,11,3,3084.2527580499745,1.5955808730972043,-0.0433381339929072,4796.0,,4796.0,statistical
Indoor Growing,Mushroom Kits,Single Kits,BTR-1003,2026-12,12,4,3084.2527580499745,1.791441877080421,-0.0433381339929072,5364.0,,5364.0,statistical
Indoor Growing,Mushroom Kits,Single Kits,BTR-1003,2027-01,1,5,3084.2527580499745,0.8171290201693108,-0.0433381339929072,2438.0,,2438.0,statistical
Indoor Growing,Mushroom Kits,Single Kits,BTR-1003,2027-02,2,6,3084.2527580499745,0.7915577504291553,-0.0433381339929072,2353.0,,2353.0,statistical
Indoor Growing,Mushroom Kits,Single Kits,BTR-1003,2027-03,3,7,3084.2527580499745,0.8503648880013429,-0.0433381339929072,2518.0,,2518.0,statistical
Indoor Growing,Mushroom Kits,Single Kits,BTR-1003,2027-04,4,8,3084.2527580499745,0.857161283831485,-0.0433381339929072,2529.0,,2529.0,statistical
Indoor Growing,Mushroom Kits,Single Kits,BTR-1003,2027-05,5,9,3084.2527580499745,0.8129236654640332,-0.0433381339929072,2390.0,,2390.0,statistical
Indoor Growing,Mushroom Kits,Single Kits,BTR-1003,2027-06,6,10,3084.2527580499745,0.7690387542654109,-0.0433381339929072,2252.0,,2252.0,statistical
Indoor Growing,Mushroom Kits,Single Kits,BTR-1003,2027-07,7,11,3084.2527580499745,0.7708022901095597,-0.0433381339929072,2249.0,,2249.0,statistical
Indoor Growing,Mushroom Kits,Single Kits,BTR-1003,2027-08,8,12,3084.2527580499745,0.8212963910256375,-0.0433381339929072,2388.0,,2388.0,statistical
Indoor Growing,Water Garden,Consumables,BTR-1102,2026-09,9,1,3656.258191457031,0.8340360765522049,0.07292541909379824,3140.0,,3140.0,statistical
Indoor Growing,Water Garden,Consumables,BTR-1102,2026-10,10,2,3656.258191457031,1.0748868311746973,0.07292541909379824,4071.0,,4071.0,statistical
Indoor Growing,Water Garden,Consumables,BTR-1102,2026-11,11,3,3656.258191457031,1.178909847897171,0.07292541909379824,4491.0,,4491.0,statistical
Indoor Growing,Water Garden,Consumables,BTR-1102,2026-12,12,4,3656.258191457031,1.1696717367609657,0.07292541909379824,4482.0,,4482.0,statistical
Indoor Growing,Water Garden,Consumables,BTR-1102,2027-01,1,5,3656.258191457031,0.7728100236648042,0.07292541909379824,2979.0,,2979.0,statistical
Indoor Growing,Water Garden,Consumables,BTR-1102,2027-02,2,6,3656.258191457031,0.7501389448050354,0.07292541909379824,2908.0,,2908.0,statistical
Indoor Growing,Water Garden,Consumables,BTR-1102,2027-03,3,7,3656.258191457031,1.0068735945953908,0.07292541909379824,3927.0,,3927.0,statistical
Indoor Growing,Water Garden,Consumables,BTR-1102,2027-04,4,8,3656.258191457031,1.037133121888471,0.07292541909379824,4069.0,,4069.0,statistical
Indoor Growing,Water Garden,Consumables,BTR-1102,2027-05,5,9,3656.258191457031,1.2095935741709953,0.07292541909379824,4773.0,,4773.0,statistical
Indoor Growing,Water Garden,Consumables,BTR-1102,2027-06,6,10,3656.258191457031,1.0476909631869913,0.07292541909379824,4158.0,,4158.0,statistical
Indoor Growing,Water Garden,Consumables,BTR-1102,2027-07,7,11,3656.258191457031,0.9326859061852532,0.07292541909379824,3724.0,,3724.0,statistical
Indoor Growing,Water Garden,Consumables,BTR-1102,2027-08,8,12,3656.258191457031,0.9855693791180196,0.07292541909379824,3958.0,,3958.0,statistical
Indoor Growing,Water Garden,Systems,BTR-1101,2026-09,9,1,2834.685546752658,0.8340360765522049,-0.10675789136012881,2256.0,,2256.0,statistical
Indoor Growing,Water Garden,Systems,BTR-1101,2026-10,10,2,2834.685546752658,1.0748868311746973,-0.10675789136012881,2880.0,,2880.0,statistical
Indoor Growing,Water Garden,Systems,BTR-1101,2026-11,11,3,2834.685546752658,1.178909847897171,-0.10675789136012881,3129.0,,3129.0,statistical
Indoor Growing,Water Garden,Systems,BTR-1101,2026-12,12,4,2834.685546752658,1.1696717367609657,-0.10675789136012881,3075.0,,3075.0,statistical
Indoor Growing,Water Garden,Systems,BTR-1101,2027-01,1,5,2834.685546752658,0.7728100236648042,-0.10675789136012881,2013.0,,2013.0,statistical
Indoor Growing,Water Garden,Systems,BTR-1101,2027-02,2,6,2834.685546752658,0.7501389448050354,-0.10675789136012881,1935.0,,1935.0,statistical
Indoor Growing,Water Garden,Systems,BTR-1101,2027-03,3,7,2834.685546752658,1.0068735945953908,-0.10675789136012881,2574.0,,2574.0,statistical
Indoor Growing,Water Garden,Systems,BTR-1101,2027-04,4,8,2834.685546752658,1.037133121888471,-0.10675789136012881,2626.0,,2626.0,statistical
Indoor Growing,Water Garden,Systems,BTR-1101,2027-05,5,9,2834.685546752658,1.2095935741709953,-0.10675789136012881,3034.0,,3034.0,statistical
Indoor Growing,Water Garden,Systems,BTR-1101,2027-06,6,10,2834.685546752658,1.0476909631869913,-0.10675789136012881,2603.0,,2603.0,statistical
Indoor Growing,Water Garden,Systems,BTR-1101,2027-07,7,11,2834.685546752658,0.9326859061852532,-0.10675789136012881,2296.0,,2296.0,statistical
Indoor Growing,Water Garden,Systems,BTR-1101,2027-08,8,12,2834.685546752658,0.9855693791180196,-0.10675789136012881,2403.0,,2403.0,statistical
Indoor Growing,Water Garden,Systems,BTR-1103,2026-09,9,1,1892.8478571218527,0.8340360765522049,0.21194306920734385,1710.0,,1710.0,statistical
Indoor Growing,Water Garden,Systems,BTR-1103,2026-10,10,2,1892.8478571218527,1.0748868311746973,0.21194306920734385,2240.0,,2240.0,statistical
Indoor Growing,Water Garden,Systems,BTR-1103,2026-11,11,3,1892.8478571218527,1.178909847897171,0.21194306920734385,2496.0,,2496.0,statistical
Indoor Growing,Water Garden,Systems,BTR-1103,2026-12,12,4,1892.8478571218527,1.1696717367609657,0.21194306920734385,2517.0,,2517.0,statistical
Indoor Growing,Water Garden,Systems,BTR-1103,2027-01,1,5,1892.8478571218527,0.7728100236648042,0.21194306920734385,1690.0,,1690.0,statistical
Indoor Growing,Water Garden,Systems,BTR-1103,2027-02,2,6,1892.8478571218527,0.7501389448050354,0.21194306920734385,1667.0,,1667.0,statistical
Indoor Growing,Water Garden,Systems,BTR-1103,2027-03,3,7,1892.8478571218527,1.0068735945953908,0.21194306920734385,2273.0,,2273.0,statistical
Indoor Growing,Water Garden,Systems,BTR-1103,2027-04,4,8,1892.8478571218527,1.037133121888471,0.21194306920734385,2379.0,,2379.0,statistical
Indoor Growing,Water Garden,Systems,BTR-1103,2027-05,5,9,1892.8478571218527,1.2095935741709953,0.21194306920734385,2820.0,,2820.0,statistical
Indoor Growing,Water Garden,Systems,BTR-1103,2027-06,6,10,1892.8478571218527,1.0476909631869913,0.21194306920734385,2482.0,,2482.0,statistical
Indoor Growing,Water Garden,Systems,BTR-1103,2027-07,7,11,1892.8478571218527,0.9326859061852532,0.21194306920734385,2245.0,,2245.0,statistical
Indoor Growing,Water Garden,Systems,BTR-1103,2027-08,8,12,1892.8478571218527,0.9855693791180196,0.21194306920734385,2411.0,,2411.0,statistical
Outdoor Gardening,Garden Kits,Beds,BTR-2201,2026-09,9,1,1692.5971625481309,0.7629511536247288,0.18194368765594748,1385.0,,1385.0,statistical
Outdoor Gardening,Garden Kits,Beds,BTR-2201,2026-10,10,2,1692.5971625481309,0.8211062397590896,0.18194368765594748,1511.0,,1511.0,statistical
Outdoor Gardening,Garden Kits,Beds,BTR-2201,2026-11,11,3,1692.5971625481309,0.9985651654045437,0.18194368765594748,1863.0,,1863.0,statistical
Outdoor Gardening,Garden Kits,Beds,BTR-2201,2026-12,12,4,1692.5971625481309,0.8119835259731633,0.18194368765594748,1536.0,,1536.0,statistical
Outdoor Gardening,Garden Kits,Beds,BTR-2201,2027-01,1,5,1692.5971625481309,0.704742925468314,0.18194368765594748,1352.0,,1352.0,statistical
Outdoor Gardening,Garden Kits,Beds,BTR-2201,2027-02,2,6,1692.5971625481309,1.0078118772419289,0.18194368765594748,1961.0,,1961.0,statistical
Outdoor Gardening,Garden Kits,Beds,BTR-2201,2027-03,3,7,1692.5971625481309,1.374598113458217,0.18194368765594748,2712.0,,2712.0,statistical
Outdoor Gardening,Garden Kits,Beds,BTR-2201,2027-04,4,8,1692.5971625481309,1.6473761126610866,0.18194368765594748,3296.0,,3296.0,statistical
Outdoor Gardening,Garden Kits,Beds,BTR-2201,2027-05,5,9,1692.5971625481309,1.4831672645144147,0.18194368765594748,3009.0,,3009.0,statistical
Outdoor Gardening,Garden Kits,Beds,BTR-2201,2027-06,6,10,1692.5971625481309,0.9459545635711437,0.18194368765594748,1946.0,,1946.0,statistical
Outdoor Gardening,Garden Kits,Beds,BTR-2201,2027-07,7,11,1692.5971625481309,0.7074531685930648,0.18194368765594748,1476.0,,1476.0,statistical
Outdoor Gardening,Garden Kits,Beds,BTR-2201,2027-08,8,12,1692.5971625481309,0.7342898897303041,0.18194368765594748,1553.0,,1553.0,statistical
Outdoor Gardening,Garden Kits,Gifting,BTR-2204,2026-09,9,1,1845.7322549129588,0.7629511536247288,0.0,1408.0,,1408.0,statistical
Outdoor Gardening,Garden Kits,Gifting,BTR-2204,2026-10,10,2,1845.7322549129588,0.8211062397590896,0.0,1516.0,,1516.0,statistical
Outdoor Gardening,Garden Kits,Gifting,BTR-2204,2026-11,11,3,1845.7322549129588,0.9985651654045437,0.0,1843.0,,1843.0,statistical
Outdoor Gardening,Garden Kits,Gifting,BTR-2204,2026-12,12,4,1845.7322549129588,0.8119835259731633,0.0,1499.0,,1499.0,statistical
Outdoor Gardening,Garden Kits,Gifting,BTR-2204,2027-01,1,5,1845.7322549129588,0.704742925468314,0.0,1301.0,,1301.0,statistical
Outdoor Gardening,Garden Kits,Gifting,BTR-2204,2027-02,2,6,1845.7322549129588,1.0078118772419289,0.0,1860.0,,1860.0,statistical
Outdoor Gardening,Garden Kits,Gifting,BTR-2204,2027-03,3,7,1845.7322549129588,1.374598113458217,0.0,2537.0,,2537.0,statistical
Outdoor Gardening,Garden Kits,Gifting,BTR-2204,2027-04,4,8,1845.7322549129588,1.6473761126610866,0.0,3041.0,,3041.0,statistical
Outdoor Gardening,Garden Kits,Gifting,BTR-2204,2027-05,5,9,1845.7322549129588,1.4831672645144147,0.0,2738.0,,2738.0,statistical
Outdoor Gardening,Garden Kits,Gifting,BTR-2204,2027-06,6,10,1845.7322549129588,0.9459545635711437,0.0,1746.0,,1746.0,statistical
Outdoor Gardening,Garden Kits,Gifting,BTR-2204,2027-07,7,11,1845.7322549129588,0.7074531685930648,0.0,1306.0,,1306.0,statistical
Outdoor Gardening,Garden Kits,Gifting,BTR-2204,2027-08,8,12,1845.7322549129588,0.7342898897303041,0.0,1355.0,,1355.0,statistical
Outdoor Gardening,Garden Kits,Kids,BTR-2203,2026-09,9,1,2914.63122745107,0.7629511536247288,0.16291372067615195,2368.0,,2368.0,statistical
Outdoor Gardening,Garden Kits,Kids,BTR-2203,2026-10,10,2,2914.63122745107,0.8211062397590896,0.16291372067615195,2581.0,,2581.0,statistical
Outdoor Gardening,Garden Kits,Kids,BTR-2203,2026-11,11,3,2914.63122745107,0.9985651654045437,0.16291372067615195,3178.0,,3178.0,statistical
Outdoor Gardening,Garden Kits,Kids,BTR-2203,2026-12,12,4,2914.63122745107,0.8119835259731633,0.16291372067615195,2617.0,,2617.0,statistical
Outdoor Gardening,Garden Kits,Kids,BTR-2203,2027-01,1,5,2914.63122745107,0.704742925468314,0.16291372067615195,2300.0,,2300.0,statistical
Outdoor Gardening,Garden Kits,Kids,BTR-2203,2027-02,2,6,2914.63122745107,1.0078118772419289,0.16291372067615195,3331.0,,3331.0,statistical
Outdoor Gardening,Garden Kits,Kids,BTR-2203,2027-03,3,7,2914.63122745107,1.374598113458217,0.16291372067615195,4601.0,,4601.0,statistical
Outdoor Gardening,Garden Kits,Kids,BTR-2203,2027-04,4,8,2914.63122745107,1.6473761126610866,0.16291372067615195,5584.0,,5584.0,statistical
Outdoor Gardening,Garden Kits,Kids,BTR-2203,2027-05,5,9,2914.63122745107,1.4831672645144147,0.16291372067615195,5091.0,,5091.0,statistical
Outdoor Gardening,Garden Kits,Kids,BTR-2203,2027-06,6,10,2914.63122745107,0.9459545635711437,0.16291372067615195,3288.0,,3288.0,statistical
Outdoor Gardening,Garden Kits,Kids,BTR-2203,2027-07,7,11,2914.63122745107,0.7074531685930648,0.16291372067615195,2490.0,,2490.0,statistical
Outdoor Gardening,Garden Kits,Kids,BTR-2203,2027-08,8,12,2914.63122745107,0.7342898897303041,0.16291372067615195,2617.0,,2617.0,statistical
Outdoor Gardening,Garden Kits,Planters,BTR-2202,2026-09,9,1,2456.2014279132804,0.7629511536247288,0.35,2124.0,,2124.0,statistical
Outdoor Gardening,Garden Kits,Planters,BTR-2202,2026-10,10,2,2456.2014279132804,0.8211062397590896,0.35,2343.0,,2343.0,statistical
Outdoor Gardening,Garden Kits,Planters,BTR-2202,2026-11,11,3,2456.2014279132804,0.9985651654045437,0.35,2922.0,,2922.0,statistical
Outdoor Gardening,Garden Kits,Planters,BTR-2202,2026-12,12,4,2456.2014279132804,0.8119835259731633,0.35,2436.0,,2436.0,statistical
Outdoor Gardening,Garden Kits,Planters,BTR-2202,2027-01,1,5,2456.2014279132804,0.704742925468314,0.35,2168.0,,2168.0,statistical
Outdoor Gardening,Garden Kits,Planters,BTR-2202,2027-02,2,6,2456.2014279132804,1.0078118772419289,0.35,3179.0,,3179.0,statistical
Outdoor Gardening,Garden Kits,Planters,BTR-2202,2027-03,3,7,2456.2014279132804,1.374598113458217,0.35,4445.0,,4445.0,statistical
Outdoor Gardening,Garden Kits,Planters,BTR-2202,2027-04,4,8,2456.2014279132804,1.6473761126610866,0.35,5462.0,,5462.0,statistical
Outdoor Gardening,Garden Kits,Planters,BTR-2202,2027-05,5,9,2456.2014279132804,1.4831672645144147,0.35,5043.0,,5043.0,statistical
Outdoor Gardening,Garden Kits,Planters,BTR-2202,2027-06,6,10,2456.2014279132804,0.9459545635711437,0.35,3298.0,,3298.0,statistical
Outdoor Gardening,Garden Kits,Planters,BTR-2202,2027-07,7,11,2456.2014279132804,0.7074531685930648,0.35,2529.0,,2529.0,statistical
Outdoor Gardening,Garden Kits,Planters,BTR-2202,2027-08,8,12,2456.2014279132804,0.7342898897303041,0.35,2691.0,,2691.0,statistical
Outdoor Gardening,Seeds,Flower,BTR-2004,2026-09,9,1,6657.174505034022,0.6387800460742694,0.09889587582294657,4423.0,,4423.0,statistical
Outdoor Gardening,Seeds,Flower,BTR-2004,2026-10,10,2,6657.174505034022,0.8058018806415624,0.09889587582294657,5623.0,,5623.0,statistical
Outdoor Gardening,Seeds,Flower,BTR-2004,2026-11,11,3,6657.174505034022,0.6508903345455599,0.09889587582294657,4578.0,,4578.0,statistical
Outdoor Gardening,Seeds,Flower,BTR-2004,2026-12,12,4,6657.174505034022,0.5707361740969878,0.09889587582294657,4046.0,,4046.0,statistical
Outdoor Gardening,Seeds,Flower,BTR-2004,2027-01,1,5,6657.174505034022,0.9999003173039307,0.09889587582294657,7144.0,,7144.0,statistical
Outdoor Gardening,Seeds,Flower,BTR-2004,2027-02,2,6,6657.174505034022,1.4033880525652358,0.09889587582294657,10106.0,,10106.0,statistical
Outdoor Gardening,Seeds,Flower,BTR-2004,2027-03,3,7,6657.174505034022,1.7602984685376488,0.09889587582294657,12777.0,,12777.0,statistical
Outdoor Gardening,Seeds,Flower,BTR-2004,2027-04,4,8,6657.174505034022,1.7087323780408294,0.09889587582294657,12500.0,,12500.0,statistical
Outdoor Gardening,Seeds,Flower,BTR-2004,2027-05,5,9,6657.174505034022,1.2517683536417508,0.09889587582294657,9230.0,,9230.0,statistical
Outdoor Gardening,Seeds,Flower,BTR-2004,2027-06,6,10,6657.174505034022,0.8275373447891161,0.09889587582294657,6150.0,,6150.0,statistical
Outdoor Gardening,Seeds,Flower,BTR-2004,2027-07,7,11,6657.174505034022,0.72489662266912,0.09889587582294657,5430.0,,5430.0,statistical
Outdoor Gardening,Seeds,Flower,BTR-2004,2027-08,8,12,6657.174505034022,0.6572700270939886,0.09889587582294657,4962.0,,4962.0,statistical
Outdoor Gardening,Seeds,Herb,BTR-2003,2026-09,9,1,10311.794223996447,0.6387800460742694,0.09627970504601291,6844.0,,6844.0,statistical
Outdoor Gardening,Seeds,Herb,BTR-2003,2026-10,10,2,10311.794223996447,0.8058018806415624,0.09627970504601291,8700.0,,8700.0,statistical
Outdoor Gardening,Seeds,Herb,BTR-2003,2026-11,11,3,10311.794223996447,0.6508903345455599,0.09627970504601291,7082.0,,7082.0,statistical
Outdoor Gardening,Seeds,Herb,BTR-2003,2026-12,12,4,10311.794223996447,0.5707361740969878,0.09627970504601291,6257.0,,6257.0,statistical
Outdoor Gardening,Seeds,Herb,BTR-2003,2027-01,1,5,10311.794223996447,0.9999003173039307,0.09627970504601291,11047.0,,11047.0,statistical
Outdoor Gardening,Seeds,Herb,BTR-2003,2027-02,2,6,10311.794223996447,1.4033880525652358,0.09627970504601291,15624.0,,15624.0,statistical
Outdoor Gardening,Seeds,Herb,BTR-2003,2027-03,3,7,10311.794223996447,1.7602984685376488,0.09627970504601291,19748.0,,19748.0,statistical
Outdoor Gardening,Seeds,Herb,BTR-2003,2027-04,4,8,10311.794223996447,1.7087323780408294,0.09627970504601291,19317.0,,19317.0,statistical
Outdoor Gardening,Seeds,Herb,BTR-2003,2027-05,5,9,10311.794223996447,1.2517683536417508,0.09627970504601291,14260.0,,14260.0,statistical
Outdoor Gardening,Seeds,Herb,BTR-2003,2027-06,6,10,10311.794223996447,0.8275373447891161,0.09627970504601291,9499.0,,9499.0,statistical
Outdoor Gardening,Seeds,Herb,BTR-2003,2027-07,7,11,10311.794223996447,0.72489662266912,0.09627970504601291,8385.0,,8385.0,statistical
Outdoor Gardening,Seeds,Herb,BTR-2003,2027-08,8,12,10311.794223996447,0.6572700270939886,0.09627970504601291,7661.0,,7661.0,statistical
Outdoor Gardening,Seeds,Kids,BTR-2005,2026-09,9,1,2580.7356405058754,0.6387800460742694,0.13781204455967266,1740.0,,1740.0,statistical
Outdoor Gardening,Seeds,Kids,BTR-2005,2026-10,10,2,2580.7356405058754,0.8058018806415624,0.13781204455967266,2218.0,,2218.0,statistical
Outdoor Gardening,Seeds,Kids,BTR-2005,2026-11,11,3,2580.7356405058754,0.6508903345455599,0.13781204455967266,1811.0,,1811.0,statistical
Outdoor Gardening,Seeds,Kids,BTR-2005,2026-12,12,4,2580.7356405058754,0.5707361740969878,0.13781204455967266,1605.0,,1605.0,statistical
Outdoor Gardening,Seeds,Kids,BTR-2005,2027-01,1,5,2580.7356405058754,0.9999003173039307,0.13781204455967266,2843.0,,2843.0,statistical
Outdoor Gardening,Seeds,Kids,BTR-2005,2027-02,2,6,2580.7356405058754,1.4033880525652358,0.13781204455967266,4033.0,,4033.0,statistical
Outdoor Gardening,Seeds,Kids,BTR-2005,2027-03,3,7,2580.7356405058754,1.7602984685376488,0.13781204455967266,5114.0,,5114.0,statistical
Outdoor Gardening,Seeds,Kids,BTR-2005,2027-04,4,8,2580.7356405058754,1.7087323780408294,0.13781204455967266,5018.0,,5018.0,statistical
Outdoor Gardening,Seeds,Kids,BTR-2005,2027-05,5,9,2580.7356405058754,1.2517683536417508,0.13781204455967266,3715.0,,3715.0,statistical
Outdoor Gardening,Seeds,Kids,BTR-2005,2027-06,6,10,2580.7356405058754,0.8275373447891161,0.13781204455967266,2483.0,,2483.0,statistical
Outdoor Gardening,Seeds,Kids,BTR-2005,2027-07,7,11,2580.7356405058754,0.72489662266912,0.13781204455967266,2198.0,,2198.0,statistical
Outdoor Gardening,Seeds,Kids,BTR-2005,2027-08,8,12,2580.7356405058754,0.6572700270939886,0.13781204455967266,2015.0,,2015.0,statistical
Outdoor Gardening,Seeds,Variety Packs,BTR-2001,2026-09,9,1,9866.069315080174,0.6387800460742694,-0.022595534088129088,6243.0,,6243.0,statistical
Outdoor Gardening,Seeds,Variety Packs,BTR-2001,2026-10,10,2,9866.069315080174,0.8058018806415624,-0.022595534088129088,7860.0,,7860.0,statistical
Outdoor Gardening,Seeds,Variety Packs,BTR-2001,2026-11,11,3,9866.069315080174,0.6508903345455599,-0.022595534088129088,6337.0,,6337.0,statistical
Outdoor Gardening,Seeds,Variety Packs,BTR-2001,2026-12,12,4,9866.069315080174,0.5707361740969878,-0.022595534088129088,5546.0,,5546.0,statistical
Outdoor Gardening,Seeds,Variety Packs,BTR-2001,2027-01,1,5,9866.069315080174,0.9999003173039307,-0.022595534088129088,9697.0,,9697.0,statistical
Outdoor Gardening,Seeds,Variety Packs,BTR-2001,2027-02,2,6,9866.069315080174,1.4033880525652358,-0.022595534088129088,13585.0,,13585.0,statistical
Outdoor Gardening,Seeds,Variety Packs,BTR-2001,2027-03,3,7,9866.069315080174,1.7602984685376488,-0.022595534088129088,17007.0,,17007.0,statistical
Outdoor Gardening,Seeds,Variety Packs,BTR-2001,2027-04,4,8,9866.069315080174,1.7087323780408294,-0.022595534088129088,16478.0,,16478.0,statistical
Outdoor Gardening,Seeds,Variety Packs,BTR-2001,2027-05,5,9,9866.069315080174,1.2517683536417508,-0.022595534088129088,12048.0,,12048.0,statistical
Outdoor Gardening,Seeds,Variety Packs,BTR-2001,2027-06,6,10,9866.069315080174,0.8275373447891161,-0.022595534088129088,7950.0,,7950.0,statistical
Outdoor Gardening,Seeds,Variety Packs,BTR-2001,2027-07,7,11,9866.069315080174,0.72489662266912,-0.022595534088129088,6950.0,,6950.0,statistical
Outdoor Gardening,Seeds,Variety Packs,BTR-2001,2027-08,8,12,9866.069315080174,0.6572700270939886,-0.022595534088129088,6290.0,,6290.0,statistical
Outdoor Gardening,Seeds,Vegetable,BTR-2002,2026-09,9,1,14986.74678904221,0.6387800460742694,0.15122351783422694,10152.0,,10152.0,statistical
Outdoor Gardening,Seeds,Vegetable,BTR-2002,2026-10,10,2,14986.74678904221,0.8058018806415624,0.15122351783422694,12957.0,,12957.0,statistical
Outdoor Gardening,Seeds,Vegetable,BTR-2002,2026-11,11,3,14986.74678904221,0.6508903345455599,0.15122351783422694,10590.0,,10590.0,statistical
Outdoor Gardening,Seeds,Vegetable,BTR-2002,2026-12,12,4,14986.74678904221,0.5707361740969878,0.15122351783422694,9395.0,,9395.0,statistical
Outdoor Gardening,Seeds,Vegetable,BTR-2002,2027-01,1,5,14986.74678904221,0.9999003173039307,0.15122351783422694,16655.0,,16655.0,statistical
Outdoor Gardening,Seeds,Vegetable,BTR-2002,2027-02,2,6,14986.74678904221,1.4033880525652358,0.15122351783422694,23651.0,,23651.0,statistical
Outdoor Gardening,Seeds,Vegetable,BTR-2002,2027-03,3,7,14986.74678904221,1.7602984685376488,0.15122351783422694,30016.0,,30016.0,statistical
Outdoor Gardening,Seeds,Vegetable,BTR-2002,2027-04,4,8,14986.74678904221,1.7087323780408294,0.15122351783422694,29481.0,,29481.0,statistical
Outdoor Gardening,Seeds,Vegetable,BTR-2002,2027-05,5,9,14986.74678904221,1.2517683536417508,0.15122351783422694,21852.0,,21852.0,statistical
Outdoor Gardening,Seeds,Vegetable,BTR-2002,2027-06,6,10,14986.74678904221,0.8275373447891161,0.15122351783422694,14617.0,,14617.0,statistical
Outdoor Gardening,Seeds,Vegetable,BTR-2002,2027-07,7,11,14986.74678904221,0.72489662266912,0.15122351783422694,12955.0,,12955.0,statistical
Outdoor Gardening,Seeds,Vegetable,BTR-2002,2027-08,8,12,14986.74678904221,0.6572700270939886,0.15122351783422694,11885.0,,11885.0,statistical
Outdoor Gardening,Soils & Media,Amendments,BTR-2104,2026-09,9,1,7874.567263107641,0.6934124384289613,0.020911364600743054,5508.0,,5508.0,statistical
Outdoor Gardening,Soils & Media,Amendments,BTR-2104,2026-10,10,2,7874.567263107641,0.8774766305833601,0.020911364600743054,6982.0,,6982.0,statistical
Outdoor Gardening,Soils & Media,Amendments,BTR-2104,2026-11,11,3,7874.567263107641,0.4935150768109199,0.020911364600743054,3933.0,,3933.0,statistical
Outdoor Gardening,Soils & Media,Amendments,BTR-2104,2026-12,12,4,7874.567263107641,0.5048359944172394,0.020911364600743054,4031.0,,4031.0,statistical
Outdoor Gardening,Soils & Media,Amendments,BTR-2104,2027-01,1,5,7874.567263107641,0.6455273166777777,0.020911364600743054,5163.0,,5163.0,statistical
Outdoor Gardening,Soils & Media,Amendments,BTR-2104,2027-02,2,6,7874.567263107641,1.0626746411253771,0.020911364600743054,8514.0,,8514.0,statistical
Outdoor Gardening,Soils & Media,Amendments,BTR-2104,2027-03,3,7,7874.567263107641,1.6682833011189502,0.020911364600743054,13389.0,,13389.0,statistical
Outdoor Gardening,Soils & Media,Amendments,BTR-2104,2027-04,4,8,7874.567263107641,1.8268106801471469,0.020911364600743054,14686.0,,14686.0,statistical
Outdoor Gardening,Soils & Media,Amendments,BTR-2104,2027-05,5,9,7874.567263107641,1.4858076057918743,0.020911364600743054,11965.0,,11965.0,statistical
Outdoor Gardening,Soils & Media,Amendments,BTR-2104,2027-06,6,10,7874.567263107641,1.1207698837884115,0.020911364600743054,9041.0,,9041.0,statistical
Outdoor Gardening,Soils & Media,Amendments,BTR-2104,2027-07,7,11,7874.567263107641,0.8869097693514117,0.020911364600743054,7167.0,,7167.0,statistical
Outdoor Gardening,Soils & Media,Amendments,BTR-2104,2027-08,8,12,7874.567263107641,0.7339766617585695,0.020911364600743054,5941.0,,5941.0,statistical
Outdoor Gardening,Soils & Media,Potting,BTR-2101,2026-09,9,1,29693.3049688443,0.6934124384289613,0.051242884682828116,21023.0,,21023.0,statistical
Outdoor Gardening,Soils & Media,Potting,BTR-2101,2026-10,10,2,29693.3049688443,0.8774766305833601,0.051242884682828116,26714.0,,26714.0,statistical
Outdoor Gardening,Soils & Media,Potting,BTR-2101,2026-11,11,3,29693.3049688443,0.4935150768109199,0.051242884682828116,15088.0,,15088.0,statistical
Outdoor Gardening,Soils & Media,Potting,BTR-2101,2026-12,12,4,29693.3049688443,0.5048359944172394,0.051242884682828116,15498.0,,15498.0,statistical
Outdoor Gardening,Soils & Media,Potting,BTR-2101,2027-01,1,5,29693.3049688443,0.6455273166777777,0.051242884682828116,19900.0,,19900.0,statistical
Outdoor Gardening,Soils & Media,Potting,BTR-2101,2027-02,2,6,29693.3049688443,1.0626746411253771,0.051242884682828116,32896.0,,32896.0,statistical
Outdoor Gardening,Soils & Media,Potting,BTR-2101,2027-03,3,7,29693.3049688443,1.6682833011189502,0.051242884682828116,51859.0,,51859.0,statistical
Outdoor Gardening,Soils & Media,Potting,BTR-2101,2027-04,4,8,29693.3049688443,1.8268106801471469,0.051242884682828116,57024.0,,57024.0,statistical
Outdoor Gardening,Soils & Media,Potting,BTR-2101,2027-05,5,9,29693.3049688443,1.4858076057918743,0.051242884682828116,46573.0,,46573.0,statistical
Outdoor Gardening,Soils & Media,Potting,BTR-2101,2027-06,6,10,29693.3049688443,1.1207698837884115,0.051242884682828116,35277.0,,35277.0,statistical
Outdoor Gardening,Soils & Media,Potting,BTR-2101,2027-07,7,11,29693.3049688443,0.8869097693514117,0.051242884682828116,28033.0,,28033.0,statistical
Outdoor Gardening,Soils & Media,Potting,BTR-2101,2027-08,8,12,29693.3049688443,0.7339766617585695,0.051242884682828116,23296.0,,23296.0,statistical
Outdoor Gardening,Soils & Media,Raised Bed,BTR-2103,2026-09,9,1,12826.624045288538,0.6934124384289613,0.03656893423270824,9028.0,,9028.0,statistical
Outdoor Gardening,Soils & Media,Raised Bed,BTR-2103,2026-10,10,2,12826.624045288538,0.8774766305833601,0.03656893423270824,11459.0,,11459.0,statistical
Outdoor Gardening,Soils & Media,Raised Bed,BTR-2103,2026-11,11,3,12826.624045288538,0.4935150768109199,0.03656893423270824,6464.0,,6464.0,statistical
Outdoor Gardening,Soils & Media,Raised Bed,BTR-2103,2026-12,12,4,12826.624045288538,0.5048359944172394,0.03656893423270824,6632.0,,6632.0,statistical
Outdoor Gardening,Soils & Media,Raised Bed,BTR-2103,2027-01,1,5,12826.624045288538,0.6455273166777777,0.03656893423270824,8506.0,,8506.0,statistical
Outdoor Gardening,Soils & Media,Raised Bed,BTR-2103,2027-02,2,6,12826.624045288538,1.0626746411253771,0.03656893423270824,14045.0,,14045.0,statistical
Outdoor Gardening,Soils & Media,Raised Bed,BTR-2103,2027-03,3,7,12826.624045288538,1.6682833011189502,0.03656893423270824,22115.0,,22115.0,statistical
Outdoor Gardening,Soils & Media,Raised Bed,BTR-2103,2027-04,4,8,12826.624045288538,1.8268106801471469,0.03656893423270824,24289.0,,24289.0,statistical
Outdoor Gardening,Soils & Media,Raised Bed,BTR-2103,2027-05,5,9,12826.624045288538,1.4858076057918743,0.03656893423270824,19814.0,,19814.0,statistical
Outdoor Gardening,Soils & Media,Raised Bed,BTR-2103,2027-06,6,10,12826.624045288538,1.1207698837884115,0.03656893423270824,14991.0,,14991.0,statistical
Outdoor Gardening,Soils & Media,Raised Bed,BTR-2103,2027-07,7,11,12826.624045288538,0.8869097693514117,0.03656893423270824,11898.0,,11898.0,statistical
Outdoor Gardening,Soils & Media,Raised Bed,BTR-2103,2027-08,8,12,12826.624045288538,0.7339766617585695,0.03656893423270824,9876.0,,9876.0,statistical
Outdoor Gardening,Soils & Media,Starting,BTR-2102,2026-09,9,1,20944.4655170676,0.6934124384289613,0.28622127486480453,16129.0,,16129.0,statistical
Outdoor Gardening,Soils & Media,Starting,BTR-2102,2026-10,10,2,20944.4655170676,0.8774766305833601,0.28622127486480453,20843.0,,20843.0,statistical
Outdoor Gardening,Soils & Media,Starting,BTR-2102,2026-11,11,3,20944.4655170676,0.4935150768109199,0.28622127486480453,11971.0,,11971.0,statistical
Outdoor Gardening,Soils & Media,Starting,BTR-2102,2026-12,12,4,20944.4655170676,0.5048359944172394,0.28622127486480453,12505.0,,12505.0,statistical
Outdoor Gardening,Soils & Media,Starting,BTR-2102,2027-01,1,5,20944.4655170676,0.6455273166777777,0.28622127486480453,16329.0,,16329.0,statistical
Outdoor Gardening,Soils & Media,Starting,BTR-2102,2027-02,2,6,20944.4655170676,1.0626746411253771,0.28622127486480453,27451.0,,27451.0,statistical
Outdoor Gardening,Soils & Media,Starting,BTR-2102,2027-03,3,7,20944.4655170676,1.6682833011189502,0.28622127486480453,44009.0,,44009.0,statistical
Outdoor Gardening,Soils & Media,Starting,BTR-2102,2027-04,4,8,20944.4655170676,1.8268106801471469,0.28622127486480453,49213.0,,49213.0,statistical
Outdoor Gardening,Soils & Media,Starting,BTR-2102,2027-05,5,9,20944.4655170676,1.4858076057918743,0.28622127486480453,40875.0,,40875.0,statistical
Outdoor Gardening,Soils & Media,Starting,BTR-2102,2027-06,6,10,20944.4655170676,1.1207698837884115,0.28622127486480453,31486.0,,31486.0,statistical
Outdoor Gardening,Soils & Media,Starting,BTR-2102,2027-07,7,11,20944.4655170676,0.8869097693514117,0.28622127486480453,25444.0,,25444.0,statistical
Outdoor Gardening,Soils & Media,Starting,BTR-2102,2027-08,8,12,20944.4655170676,0.7339766617585695,0.28622127486480453,21503.0,,21503.0,statistical
