SKU,Product,Division,Category,Subcategory,Supplier,Origin,Sourcing,Month,Date,Action,Action Rank,On Hand Units,Min,Max,Demand Units,In Transit Units,Planned Receipts,Inbound Units,Gap to Min Units,Gap to Min USD,Excess Units,Excess USD,Required at Min USD,On Hand USD,Order Units,Order USD,Unit Cost,Retail Price,Lead Time Days,Case Pack,MOQ,Safety Stock,Weeks of Supply,Stockout Units,Origin Surcharge
BTR-1001,Organic Mushroom Grow Kit - Oyster,Indoor Growing,Mushroom Kits,Single Kits,SUP-01,China,Import,2026-09,2026-09-01,Buy,2,10842.0,89037.0,108118.0,17206.0,0.0,0.0,0.0,78195.0,529473.984,0.0,0.0,602887.3344,73413.35,129990,880188.29,6.7712,21.99,95,6,3000,28615.0,2.3,0.0,0.0579999963711382
BTR-1001,Organic Mushroom Grow Kit - Oyster,Indoor Growing,Mushroom Kits,Single Kits,SUP-01,China,Import,2026-10,2026-10-01,Buy,2,15613.0,89037.0,108118.0,24099.0,28870.0,0.0,28870.0,73424.0,497168.5888,0.0,0.0,602887.3344,105718.75,0,0.0,6.7712,21.99,95,6,3000,28615.0,3.3,0.0,0.0579999963711382
BTR-1001,Organic Mushroom Grow Kit - Oyster,Indoor Growing,Mushroom Kits,Single Kits,SUP-01,China,Import,2026-11,2026-11-01,Stockout,1,0.0,89037.0,108118.0,31610.0,14628.0,0.0,14628.0,89037.0,602887.3344,0.0,0.0,602887.3344,0.0,32640,221011.97,6.7712,21.99,95,6,3000,28615.0,0.0,1369.0,0.0579999963711382
BTR-1001,Organic Mushroom Grow Kit - Oyster,Indoor Growing,Mushroom Kits,Single Kits,SUP-01,China,Import,2026-12,2026-12-01,Stockout,1,0.0,89037.0,108118.0,35942.0,32047.0,0.0,32047.0,89037.0,602887.3344,0.0,0.0,602887.3344,0.0,0,0.0,6.7712,21.99,95,6,3000,28615.0,0.0,3895.0,0.0579999963711382
BTR-1001,Organic Mushroom Grow Kit - Oyster,Indoor Growing,Mushroom Kits,Single Kits,SUP-01,China,Import,2027-01,2027-01-01,Excess,5,113387.0,89037.0,108118.0,16603.0,0.0,129990.0,129990.0,0.0,0.0,5269.0,35677.4528,602887.3344,767766.05,31572,213780.33,6.7712,21.99,95,6,3000,28615.0,28.3,0.0,0.0579999963711382
BTR-1001,Organic Mushroom Grow Kit - Oyster,Indoor Growing,Mushroom Kits,Single Kits,SUP-01,China,Import,2027-02,2027-02-01,In range,4,97099.0,89037.0,108118.0,16288.0,0.0,0.0,0.0,0.0,0.0,0.0,0.0,602887.3344,657476.75,0,0.0,6.7712,21.99,95,6,3000,28615.0,24.0,0.0,0.0579999963711382
BTR-1001,Organic Mushroom Grow Kit - Oyster,Indoor Growing,Mushroom Kits,Single Kits,SUP-01,China,Import,2027-03,2027-03-01,Excess,5,112018.0,89037.0,108118.0,17721.0,0.0,32640.0,32640.0,0.0,0.0,3900.0,26407.68,602887.3344,758496.28,33540,227106.05,6.7712,21.99,95,6,3000,28615.0,27.8,0.0,0.0579999963711382
BTR-1001,Organic Mushroom Grow Kit - Oyster,Indoor Growing,Mushroom Kits,Single Kits,SUP-01,China,Import,2027-04,2027-04-01,In range,4,93927.0,89037.0,108118.0,18091.0,0.0,0.0,0.0,0.0,0.0,0.0,0.0,602887.3344,635998.5,0,0.0,6.7712,21.99,95,6,3000,28615.0,23.5,0.0,0.0579999963711382
BTR-1001,Organic Mushroom Grow Kit - Oyster,Indoor Growing,Mushroom Kits,Single Kits,SUP-01,China,Import,2027-05,2027-05-01,Excess,5,108123.0,89037.0,108118.0,17376.0,0.0,31572.0,31572.0,0.0,0.0,5.0,33.856,602887.3344,732122.46,0,0.0,6.7712,21.99,95,6,3000,28615.0,27.1,0.0,0.0579999963711382
BTR-1001,Organic Mushroom Grow Kit - Oyster,Indoor Growing,Mushroom Kits,Single Kits,SUP-01,China,Import,2027-06,2027-06-01,In range,4,91476.0,89037.0,108118.0,16647.0,0.0,0.0,0.0,0.0,0.0,0.0,0.0,602887.3344,619402.29,0,0.0,6.7712,21.99,95,6,3000,28615.0,22.5,0.0,0.0579999963711382
BTR-1001,Organic Mushroom Grow Kit - Oyster,Indoor Growing,Mushroom Kits,Single Kits,SUP-01,China,Import,2027-07,2027-07-01,In range,4,108118.0,89037.0,108118.0,16898.0,0.0,33540.0,33540.0,0.0,0.0,0.0,0.0,602887.3344,732088.6,0,0.0,6.7712,21.99,95,6,3000,28615.0,25.7,0.0,0.0579999963711382
BTR-1001,Organic Mushroom Grow Kit - Oyster,Indoor Growing,Mushroom Kits,Single Kits,SUP-01,China,Import,2027-08,2027-08-01,In range,4,89884.0,89037.0,108118.0,18234.0,0.0,0.0,0.0,0.0,0.0,0.0,0.0,602887.3344,608622.54,0,0.0,6.7712,21.99,95,6,3000,28615.0,,0.0,0.0579999963711382
BTR-1002,Pink Oyster Mushroom Grow Kit,Indoor Growing,Mushroom Kits,Single Kits,SUP-01,China,Import,2026-09,2026-09-01,Buy,2,12479.0,22771.0,27648.0,4328.0,0.0,0.0,0.0,10292.0,74589.2116,0.0,0.0,165028.2683,90439.06,25908,187763.05,7.2473,24.99,95,6,2000,7328.0,11.1,0.0,0.0579999963711382
BTR-1002,Pink Oyster Mushroom Grow Kit,Indoor Growing,Mushroom Kits,Single Kits,SUP-01,China,Import,2026-10,2026-10-01,Buy,2,11523.0,22771.0,27648.0,5981.0,5025.0,0.0,5025.0,11248.0,81517.6304,0.0,0.0,165028.2683,83510.64,0,0.0,7.2473,24.99,95,6,2000,7328.0,10.4,0.0,0.0579999963711382
BTR-1002,Pink Oyster Mushroom Grow Kit,Indoor Growing,Mushroom Kits,Single Kits,SUP-01,China,Import,2026-11,2026-11-01,Buy,2,8091.0,22771.0,27648.0,7742.0,4310.0,0.0,4310.0,14680.0,106390.364,0.0,0.0,165028.2683,58637.9,7950,57616.04,7.2473,24.99,95,6,2000,7328.0,7.9,0.0,0.0579999963711382
BTR-1002,Pink Oyster Mushroom Grow Kit,Indoor Growing,Mushroom Kits,Single Kits,SUP-01,China,Import,2026-12,2026-12-01,Buy,2,5701.0,22771.0,27648.0,8686.0,6296.0,0.0,6296.0,17070.0,123711.41100000001,0.0,0.0,165028.2683,41316.86,0,0.0,7.2473,24.99,95,6,2000,7328.0,6.3,0.0,0.0579999963711382
BTR-1002,Pink Oyster Mushroom Grow Kit,Indoor Growing,Mushroom Kits,Single Kits,SUP-01,China,Import,2027-01,2027-01-01,Excess,5,27650.0,22771.0,27648.0,3959.0,0.0,25908.0,25908.0,0.0,0.0,2.0,14.4946,165028.2683,200387.84,8070,58485.71,7.2473,24.99,95,6,2000,7328.0,30.6,0.0,0.0579999963711382
BTR-1002,Pink Oyster Mushroom Grow Kit,Indoor Growing,Mushroom Kits,Single Kits,SUP-01,China,Import,2027-02,2027-02-01,In range,4,23817.0,22771.0,27648.0,3833.0,0.0,0.0,0.0,0.0,0.0,0.0,0.0,165028.2683,172608.94,0,0.0,7.2473,24.99,95,6,2000,7328.0,26.2,0.0,0.0579999963711382
BTR-1002,Pink Oyster Mushroom Grow Kit,Indoor Growing,Mushroom Kits,Single Kits,SUP-01,China,Import,2027-03,2027-03-01,Excess,5,27653.0,22771.0,27648.0,4114.0,0.0,7950.0,7950.0,0.0,0.0,5.0,36.2365,165028.2683,200409.59,7434,53876.43,7.2473,24.99,95,6,2000,7328.0,30.8,0.0,0.0579999963711382
BTR-1002,Pink Oyster Mushroom Grow Kit,Indoor Growing,Mushroom Kits,Single Kits,SUP-01,China,Import,2027-04,2027-04-01,In range,4,23509.0,22771.0,27648.0,4144.0,0.0,0.0,0.0,0.0,0.0,0.0,0.0,165028.2683,170376.78,0,0.0,7.2473,24.99,95,6,2000,7328.0,26.6,0.0,0.0579999963711382
BTR-1002,Pink Oyster Mushroom Grow Kit,Indoor Growing,Mushroom Kits,Single Kits,SUP-01,China,Import,2027-05,2027-05-01,Excess,5,27651.0,22771.0,27648.0,3928.0,0.0,8070.0,8070.0,0.0,0.0,3.0,21.7419,165028.2683,200395.09,0,0.0,7.2473,24.99,95,6,2000,7328.0,31.5,0.0,0.0579999963711382
BTR-1002,Pink Oyster Mushroom Grow Kit,Indoor Growing,Mushroom Kits,Single Kits,SUP-01,China,Import,2027-06,2027-06-01,In range,4,23938.0,22771.0,27648.0,3713.0,0.0,0.0,0.0,0.0,0.0,0.0,0.0,165028.2683,173485.87,0,0.0,7.2473,24.99,95,6,2000,7328.0,27.0,0.0,0.0579999963711382
BTR-1002,Pink Oyster Mushroom Grow Kit,Indoor Growing,Mushroom Kits,Single Kits,SUP-01,China,Import,2027-07,2027-07-01,Excess,5,27653.0,22771.0,27648.0,3719.0,0.0,7434.0,7434.0,0.0,0.0,5.0,36.2365,165028.2683,200409.59,0,0.0,7.2473,24.99,95,6,2000,7328.0,30.2,0.0,0.0579999963711382
BTR-1002,Pink Oyster Mushroom Grow Kit,Indoor Growing,Mushroom Kits,Single Kits,SUP-01,China,Import,2027-08,2027-08-01,In range,4,23693.0,22771.0,27648.0,3960.0,0.0,0.0,0.0,0.0,0.0,0.0,0.0,165028.2683,171710.28,0,0.0,7.2473,24.99,95,6,2000,7328.0,,0.0,0.0579999963711382
BTR-1003,Lion's Mane Mushroom Grow Kit,Indoor Growing,Mushroom Kits,Single Kits,SUP-02,China,Import,2026-09,2026-09-01,Buy,2,5378.0,15213.0,18379.0,2697.0,0.0,0.0,0.0,9835.0,79305.506,0.0,0.0,122671.54679999998,43366.04,21456,173012.6,8.0636,26.99,102,6,2000,4450.0,7.8,0.0,0.0610000481012331
BTR-1003,Lion's Mane Mushroom Grow Kit,Indoor Growing,Mushroom Kits,Single Kits,SUP-02,China,Import,2026-10,2026-10-01,Buy,2,5556.0,15213.0,18379.0,3716.0,3894.0,0.0,3894.0,9657.0,77870.18519999999,0.0,0.0,122671.54679999998,44801.36,0,0.0,8.0636,26.99,102,6,2000,4450.0,8.2,0.0,0.0610000481012331
BTR-1003,Lion's Mane Mushroom Grow Kit,Indoor Growing,Mushroom Kits,Single Kits,SUP-02,China,Import,2026-11,2026-11-01,Buy,2,2535.0,15213.0,18379.0,4796.0,1775.0,0.0,1775.0,12678.0,102230.32079999999,0.0,0.0,122671.54679999998,20441.23,4872,39285.86,8.0636,26.99,102,6,2000,4450.0,4.0,0.0,0.0610000481012331
BTR-1003,Lion's Mane Mushroom Grow Kit,Indoor Growing,Mushroom Kits,Single Kits,SUP-02,China,Import,2026-12,2026-12-01,Stockout,1,0.0,15213.0,18379.0,5364.0,2194.0,0.0,2194.0,15213.0,122671.54679999998,0.0,0.0,122671.54679999998,0.0,0,0.0,8.0636,26.99,102,6,2000,4450.0,0.0,635.0,0.0610000481012331
BTR-1003,Lion's Mane Mushroom Grow Kit,Indoor Growing,Mushroom Kits,Single Kits,SUP-02,China,Import,2027-01,2027-01-01,Excess,5,19018.0,15213.0,18379.0,2438.0,0.0,21456.0,21456.0,0.0,0.0,639.0,5152.640399999999,122671.54679999998,153353.54,4284,34544.46,8.0636,26.99,102,6,2000,4450.0,34.6,0.0,0.0610000481012331
BTR-1003,Lion's Mane Mushroom Grow Kit,Indoor Growing,Mushroom Kits,Single Kits,SUP-02,China,Import,2027-02,2027-02-01,In range,4,16665.0,15213.0,18379.0,2353.0,0.0,0.0,0.0,0.0,0.0,0.0,0.0,122671.54679999998,134379.89,0,0.0,8.0636,26.99,102,6,2000,4450.0,30.2,0.0,0.0610000481012331
BTR-1003,Lion's Mane Mushroom Grow Kit,Indoor Growing,Mushroom Kits,Single Kits,SUP-02,China,Import,2027-03,2027-03-01,Excess,5,19019.0,15213.0,18379.0,2518.0,0.0,4872.0,4872.0,0.0,0.0,640.0,5160.704,122671.54679999998,153361.61,4500,36286.2,8.0636,26.99,102,6,2000,4450.0,34.9,0.0,0.0610000481012331
BTR-1003,Lion's Mane Mushroom Grow Kit,Indoor Growing,Mushroom Kits,Single Kits,SUP-02,China,Import,2027-04,2027-04-01,In range,4,16490.0,15213.0,18379.0,2529.0,0.0,0.0,0.0,0.0,0.0,0.0,0.0,122671.54679999998,132968.76,0,0.0,8.0636,26.99,102,6,2000,4450.0,30.8,0.0,0.0610000481012331
BTR-1003,Lion's Mane Mushroom Grow Kit,Indoor Growing,Mushroom Kits,Single Kits,SUP-02,China,Import,2027-05,2027-05-01,Excess,5,18384.0,15213.0,18379.0,2390.0,0.0,4284.0,4284.0,0.0,0.0,5.0,40.318,122671.54679999998,148241.22,0,0.0,8.0636,26.99,102,6,2000,4450.0,34.7,0.0,0.0610000481012331
BTR-1003,Lion's Mane Mushroom Grow Kit,Indoor Growing,Mushroom Kits,Single Kits,SUP-02,China,Import,2027-06,2027-06-01,In range,4,16132.0,15213.0,18379.0,2252.0,0.0,0.0,0.0,0.0,0.0,0.0,0.0,122671.54679999998,130082.0,0,0.0,8.0636,26.99,102,6,2000,4450.0,30.1,0.0,0.0610000481012331
BTR-1003,Lion's Mane Mushroom Grow Kit,Indoor Growing,Mushroom Kits,Single Kits,SUP-02,China,Import,2027-07,2027-07-01,Excess,5,18383.0,15213.0,18379.0,2249.0,0.0,4500.0,4500.0,0.0,0.0,4.0,32.2544,122671.54679999998,148233.16,0,0.0,8.0636,26.99,102,6,2000,4450.0,33.3,0.0,0.0610000481012331
BTR-1003,Lion's Mane Mushroom Grow Kit,Indoor Growing,Mushroom Kits,Single Kits,SUP-02,China,Import,2027-08,2027-08-01,In range,4,15995.0,15213.0,18379.0,2388.0,0.0,0.0,0.0,0.0,0.0,0.0,0.0,122671.54679999998,128977.28,0,0.0,8.0636,26.99,102,6,2000,4450.0,,0.0,0.0610000481012331
BTR-1004,Mushroom Grow Kit 2-Pack,Indoor Growing,Mushroom Kits,Multi-Packs,SUP-01,China,Import,2026-09,2026-09-01,Buy,2,6407.0,12071.0,14691.0,2166.0,0.0,0.0,0.0,5664.0,72509.3952,0.0,0.0,154530.5278,82021.13,13168,168574.1,12.8018,39.99,95,4,1500,3775.0,11.7,0.0,0.0579999963711382
BTR-1004,Mushroom Grow Kit 2-Pack,Indoor Growing,Mushroom Kits,Multi-Packs,SUP-01,China,Import,2026-10,2026-10-01,Buy,2,5562.0,12071.0,14691.0,2976.0,2131.0,0.0,2131.0,6509.0,83326.9162,0.0,0.0,154530.5278,71203.61,0,0.0,12.8018,39.99,95,4,1500,3775.0,10.4,0.0,0.0579999963711382
BTR-1004,Mushroom Grow Kit 2-Pack,Indoor Growing,Mushroom Kits,Multi-Packs,SUP-01,China,Import,2026-11,2026-11-01,Buy,2,4150.0,12071.0,14691.0,3829.0,2417.0,0.0,2417.0,7921.0,101403.0578,0.0,0.0,154530.5278,53127.47,3852,49312.53,12.8018,39.99,95,4,1500,3775.0,8.4,0.0,0.0579999963711382
BTR-1004,Mushroom Grow Kit 2-Pack,Indoor Growing,Mushroom Kits,Multi-Packs,SUP-01,China,Import,2026-12,2026-12-01,Buy,2,3459.0,12071.0,14691.0,4272.0,3581.0,0.0,3581.0,8612.0,110249.1016,0.0,0.0,154530.5278,44281.43,0,0.0,12.8018,39.99,95,4,1500,3775.0,8.0,0.0,0.0579999963711382
BTR-1004,Mushroom Grow Kit 2-Pack,Indoor Growing,Mushroom Kits,Multi-Packs,SUP-01,China,Import,2027-01,2027-01-01,In range,4,14691.0,12071.0,14691.0,1936.0,0.0,13168.0,13168.0,0.0,0.0,0.0,0.0,154530.5278,188071.24,3868,49517.36,12.8018,39.99,95,4,1500,3775.0,34.0,0.0,0.0579999963711382
BTR-1004,Mushroom Grow Kit 2-Pack,Indoor Growing,Mushroom Kits,Multi-Packs,SUP-01,China,Import,2027-02,2027-02-01,In range,4,12828.0,12071.0,14691.0,1863.0,0.0,0.0,0.0,0.0,0.0,0.0,0.0,154530.5278,164221.49,0,0.0,12.8018,39.99,95,4,1500,3775.0,29.7,0.0,0.0579999963711382
BTR-1004,Mushroom Grow Kit 2-Pack,Indoor Growing,Mushroom Kits,Multi-Packs,SUP-01,China,Import,2027-03,2027-03-01,Excess,5,14692.0,12071.0,14691.0,1988.0,0.0,3852.0,3852.0,0.0,0.0,1.0,12.8018,154530.5278,188084.05,3520,45062.34,12.8018,39.99,95,4,1500,3775.0,34.4,0.0,0.0579999963711382
BTR-1004,Mushroom Grow Kit 2-Pack,Indoor Growing,Mushroom Kits,Multi-Packs,SUP-01,China,Import,2027-04,2027-04-01,In range,4,12701.0,12071.0,14691.0,1991.0,0.0,0.0,0.0,0.0,0.0,0.0,0.0,154530.5278,162595.66,0,0.0,12.8018,39.99,95,4,1500,3775.0,30.3,0.0,0.0579999963711382
BTR-1004,Mushroom Grow Kit 2-Pack,Indoor Growing,Mushroom Kits,Multi-Packs,SUP-01,China,Import,2027-05,2027-05-01,Excess,5,14693.0,12071.0,14691.0,1876.0,0.0,3868.0,3868.0,0.0,0.0,2.0,25.6036,154530.5278,188096.85,0,0.0,12.8018,39.99,95,4,1500,3775.0,35.5,0.0,0.0579999963711382
BTR-1004,Mushroom Grow Kit 2-Pack,Indoor Growing,Mushroom Kits,Multi-Packs,SUP-01,China,Import,2027-06,2027-06-01,In range,4,12930.0,12071.0,14691.0,1763.0,0.0,0.0,0.0,0.0,0.0,0.0,0.0,154530.5278,165527.27,0,0.0,12.8018,39.99,95,4,1500,3775.0,31.0,0.0,0.0579999963711382
BTR-1004,Mushroom Grow Kit 2-Pack,Indoor Growing,Mushroom Kits,Multi-Packs,SUP-01,China,Import,2027-07,2027-07-01,Excess,5,14694.0,12071.0,14691.0,1756.0,0.0,3520.0,3520.0,0.0,0.0,3.0,38.4054,154530.5278,188109.65,0,0.0,12.8018,39.99,95,4,1500,3775.0,34.2,0.0,0.0579999963711382
BTR-1004,Mushroom Grow Kit 2-Pack,Indoor Growing,Mushroom Kits,Multi-Packs,SUP-01,China,Import,2027-08,2027-08-01,In range,4,12835.0,12071.0,14691.0,1859.0,0.0,0.0,0.0,0.0,0.0,0.0,0.0,154530.5278,164311.1,0,0.0,12.8018,39.99,95,4,1500,3775.0,,0.0,0.0579999963711382
BTR-1005,Mushroom Kit Holiday Gift Box,Indoor Growing,Mushroom Kits,Gifting,SUP-02,China,Import,2026-09,2026-09-01,Buy,2,4499.0,10935.0,13148.0,2355.0,0.0,0.0,0.0,6436.0,93893.51680000001,0.0,0.0,159528.52800000002,65635.01,15864,231436.72,14.5888,44.99,102,4,1200,3412.0,6.4,0.0,0.0610000481012331
BTR-1005,Mushroom Kit Holiday Gift Box,Indoor Growing,Mushroom Kits,Gifting,SUP-02,China,Import,2026-10,2026-10-01,Buy,2,4123.0,10935.0,13148.0,3339.0,2963.0,0.0,2963.0,6812.0,99378.90560000001,0.0,0.0,159528.52800000002,60149.62,2372,34604.63,14.5888,44.99,102,4,1200,3412.0,5.9,0.0,0.0610000481012331
BTR-1005,Mushroom Kit Holiday Gift Box,Indoor Growing,Mushroom Kits,Gifting,SUP-02,China,Import,2026-11,2026-11-01,Buy,2,1739.0,10935.0,13148.0,4434.0,2050.0,0.0,2050.0,9196.0,134158.6048,0.0,0.0,159528.52800000002,25369.92,2612,38105.95,14.5888,44.99,102,4,1200,3412.0,2.6,0.0,0.0610000481012331
BTR-1005,Mushroom Kit Holiday Gift Box,Indoor Growing,Mushroom Kits,Gifting,SUP-02,China,Import,2026-12,2026-12-01,Stockout,1,0.0,10935.0,13148.0,5105.0,3039.0,0.0,3039.0,10935.0,159528.52800000002,0.0,0.0,159528.52800000002,0.0,2372,34604.63,14.5888,44.99,102,4,1200,3412.0,0.0,327.0,0.0610000481012331
BTR-1005,Mushroom Kit Holiday Gift Box,Indoor Growing,Mushroom Kits,Gifting,SUP-02,China,Import,2027-01,2027-01-01,Excess,5,13477.0,10935.0,13148.0,2387.0,0.0,15864.0,15864.0,0.0,0.0,329.0,4799.715200000001,159528.52800000002,196613.26,2624,38281.01,14.5888,44.99,102,4,1200,3412.0,22.3,0.0,0.0610000481012331
BTR-1005,Mushroom Kit Holiday Gift Box,Indoor Growing,Mushroom Kits,Gifting,SUP-02,China,Import,2027-02,2027-02-01,Excess,5,13478.0,10935.0,13148.0,2371.0,0.0,2372.0,2372.0,0.0,0.0,330.0,4814.304,159528.52800000002,196627.85,2544,37113.91,14.5888,44.99,102,4,1200,3412.0,21.9,0.0,0.0610000481012331
BTR-1005,Mushroom Kit Holiday Gift Box,Indoor Growing,Mushroom Kits,Gifting,SUP-02,China,Import,2027-03,2027-03-01,Excess,5,13478.0,10935.0,13148.0,2612.0,0.0,2612.0,2612.0,0.0,0.0,330.0,4814.304,159528.52800000002,196627.85,2620,38222.66,14.5888,44.99,102,4,1200,3412.0,21.9,0.0,0.0610000481012331
BTR-1005,Mushroom Kit Holiday Gift Box,Indoor Growing,Mushroom Kits,Gifting,SUP-02,China,Import,2027-04,2027-04-01,Excess,5,13151.0,10935.0,13148.0,2699.0,0.0,2372.0,2372.0,0.0,0.0,3.0,43.766400000000004,159528.52800000002,191857.31,2856,41665.61,14.5888,44.99,102,4,1200,3412.0,21.4,0.0,0.0610000481012331
BTR-1005,Mushroom Kit Holiday Gift Box,Indoor Growing,Mushroom Kits,Gifting,SUP-02,China,Import,2027-05,2027-05-01,Excess,5,13150.0,10935.0,13148.0,2625.0,0.0,2624.0,2624.0,0.0,0.0,2.0,29.1776,159528.52800000002,191842.72,0,0.0,14.5888,44.99,102,4,1200,3412.0,21.3,0.0,0.0610000481012331
BTR-1005,Mushroom Kit Holiday Gift Box,Indoor Growing,Mushroom Kits,Gifting,SUP-02,China,Import,2027-06,2027-06-01,In range,4,13148.0,10935.0,13148.0,2546.0,0.0,2544.0,2544.0,0.0,0.0,0.0,0.0,159528.52800000002,191813.54,0,0.0,14.5888,44.99,102,4,1200,3412.0,20.8,0.0,0.0610000481012331
BTR-1005,Mushroom Kit Holiday Gift Box,Indoor Growing,Mushroom Kits,Gifting,SUP-02,China,Import,2027-07,2027-07-01,Excess,5,13151.0,10935.0,13148.0,2617.0,0.0,2620.0,2620.0,0.0,0.0,3.0,43.766400000000004,159528.52800000002,191857.31,0,0.0,14.5888,44.99,102,4,1200,3412.0,19.9,0.0,0.0610000481012331
BTR-1005,Mushroom Kit Holiday Gift Box,Indoor Growing,Mushroom Kits,Gifting,SUP-02,China,Import,2027-08,2027-08-01,In range,4,13148.0,10935.0,13148.0,2859.0,0.0,2856.0,2856.0,0.0,0.0,0.0,0.0,159528.52800000002,191813.54,0,0.0,14.5888,44.99,102,4,1200,3412.0,,0.0,0.0610000481012331
BTR-1101,Water Garden 3-Gallon Aquaponics,Indoor Growing,Water Garden,Systems,SUP-03,Vietnam,Import,2026-09,2026-09-01,In range,4,12427.0,10607.0,13416.0,2256.0,4774.0,0.0,4774.0,0.0,0.0,0.0,0.0,315999.5012,370220.21,2828,84250.64,29.7916,99.99,88,2,1000,2368.0,20.7,0.0,0.0489999684829089
BTR-1101,Water Garden 3-Gallon Aquaponics,Indoor Growing,Water Garden,Systems,SUP-03,Vietnam,Import,2026-10,2026-10-01,In range,4,13183.0,10607.0,13416.0,2880.0,3636.0,0.0,3636.0,0.0,0.0,0.0,0.0,315999.5012,392742.66,0,0.0,29.7916,99.99,88,2,1000,2368.0,22.2,0.0,0.0489999684829089
BTR-1101,Water Garden 3-Gallon Aquaponics,Indoor Growing,Water Garden,Systems,SUP-03,Vietnam,Import,2026-11,2026-11-01,Excess,5,13663.0,10607.0,13416.0,3129.0,3609.0,0.0,3609.0,0.0,0.0,247.0,7358.5252,315999.5012,407042.63,3948,117617.24,29.7916,99.99,88,2,1000,2368.0,23.6,0.0,0.0489999684829089
BTR-1101,Water Garden 3-Gallon Aquaponics,Indoor Growing,Water Garden,Systems,SUP-03,Vietnam,Import,2026-12,2026-12-01,In range,4,13416.0,10607.0,13416.0,3075.0,0.0,2828.0,2828.0,0.0,0.0,0.0,0.0,315999.5012,399684.11,0,0.0,29.7916,99.99,88,2,1000,2368.0,23.9,0.0,0.0489999684829089
BTR-1101,Water Garden 3-Gallon Aquaponics,Indoor Growing,Water Garden,Systems,SUP-03,Vietnam,Import,2027-01,2027-01-01,In range,4,11403.0,10607.0,13416.0,2013.0,0.0,0.0,0.0,0.0,0.0,0.0,0.0,315999.5012,339713.61,5200,154916.32,29.7916,99.99,88,2,1000,2368.0,19.8,0.0,0.0489999684829089
BTR-1101,Water Garden 3-Gallon Aquaponics,Indoor Growing,Water Garden,Systems,SUP-03,Vietnam,Import,2027-02,2027-02-01,In range,4,13416.0,10607.0,13416.0,1935.0,0.0,3948.0,3948.0,0.0,0.0,0.0,0.0,315999.5012,399684.11,3034,90387.71,29.7916,99.99,88,2,1000,2368.0,22.4,0.0,0.0489999684829089
BTR-1101,Water Garden 3-Gallon Aquaponics,Indoor Growing,Water Garden,Systems,SUP-03,Vietnam,Import,2027-03,2027-03-01,In range,4,10842.0,10607.0,13416.0,2574.0,0.0,0.0,0.0,0.0,0.0,0.0,0.0,315999.5012,323000.53,0,0.0,29.7916,99.99,88,2,1000,2368.0,18.1,0.0,0.0489999684829089
BTR-1101,Water Garden 3-Gallon Aquaponics,Indoor Growing,Water Garden,Systems,SUP-03,Vietnam,Import,2027-04,2027-04-01,In range,4,13416.0,10607.0,13416.0,2626.0,0.0,5200.0,5200.0,0.0,0.0,0.0,0.0,315999.5012,399684.11,4900,145978.84,29.7916,99.99,88,2,1000,2368.0,22.5,0.0,0.0489999684829089
BTR-1101,Water Garden 3-Gallon Aquaponics,Indoor Growing,Water Garden,Systems,SUP-03,Vietnam,Import,2027-05,2027-05-01,In range,4,13416.0,10607.0,13416.0,3034.0,0.0,3034.0,3034.0,0.0,0.0,0.0,0.0,315999.5012,399684.11,0,0.0,29.7916,99.99,88,2,1000,2368.0,23.9,0.0,0.0489999684829089
BTR-1101,Water Garden 3-Gallon Aquaponics,Indoor Growing,Water Garden,Systems,SUP-03,Vietnam,Import,2027-06,2027-06-01,In range,4,10813.0,10607.0,13416.0,2603.0,0.0,0.0,0.0,0.0,0.0,0.0,0.0,315999.5012,322136.57,0,0.0,29.7916,99.99,88,2,1000,2368.0,19.9,0.0,0.0489999684829089
BTR-1101,Water Garden 3-Gallon Aquaponics,Indoor Growing,Water Garden,Systems,SUP-03,Vietnam,Import,2027-07,2027-07-01,Excess,5,13417.0,10607.0,13416.0,2296.0,0.0,4900.0,4900.0,0.0,0.0,1.0,29.7916,315999.5012,399713.9,0,0.0,29.7916,99.99,88,2,1000,2368.0,24.2,0.0,0.0489999684829089
BTR-1101,Water Garden 3-Gallon Aquaponics,Indoor Growing,Water Garden,Systems,SUP-03,Vietnam,Import,2027-08,2027-08-01,In range,4,11014.0,10607.0,13416.0,2403.0,0.0,0.0,0.0,0.0,0.0,0.0,0.0,315999.5012,328124.68,0,0.0,29.7916,99.99,88,2,1000,2368.0,,0.0,0.0489999684829089
BTR-1102,Water Garden Refill & Seed Kit,Indoor Growing,Water Garden,Consumables,SUP-03,Vietnam,Import,2026-09,2026-09-01,In transit,3,14566.0,16234.0,20248.0,3140.0,3555.0,0.0,3555.0,1668.0,7348.874400000001,0.0,0.0,71523.75720000001,64174.88,9876,43511.68,4.4058,16.99,88,12,2500,4459.0,15.9,0.0,0.0489999684829089
BTR-1102,Water Garden Refill & Seed Kit,Indoor Growing,Water Garden,Consumables,SUP-03,Vietnam,Import,2026-10,2026-10-01,In transit,3,13884.0,16234.0,20248.0,4071.0,3389.0,0.0,3389.0,2350.0,10353.630000000001,0.0,0.0,71523.75720000001,61170.13,0,0.0,4.4058,16.99,88,12,2500,4459.0,15.2,0.0,0.0489999684829089
BTR-1102,Water Garden Refill & Seed Kit,Indoor Growing,Water Garden,Consumables,SUP-03,Vietnam,Import,2026-11,2026-11-01,In transit,3,14860.0,16234.0,20248.0,4491.0,5467.0,0.0,5467.0,1374.0,6053.5692,0.0,0.0,71523.75720000001,65470.19,5892,25958.97,4.4058,16.99,88,12,2500,4459.0,16.6,0.0,0.0489999684829089
BTR-1102,Water Garden Refill & Seed Kit,Indoor Growing,Water Garden,Consumables,SUP-03,Vietnam,Import,2026-12,2026-12-01,Excess,5,20254.0,16234.0,20248.0,4482.0,0.0,9876.0,9876.0,0.0,0.0,6.0,26.434800000000003,71523.75720000001,89235.07,0,0.0,4.4058,16.99,88,12,2500,4459.0,23.0,0.0,0.0489999684829089
BTR-1102,Water Garden Refill & Seed Kit,Indoor Growing,Water Garden,Consumables,SUP-03,Vietnam,Import,2027-01,2027-01-01,In range,4,17275.0,16234.0,20248.0,2979.0,0.0,0.0,0.0,0.0,0.0,0.0,0.0,71523.75720000001,76110.2,7992,35211.15,4.4058,16.99,88,12,2500,4459.0,19.0,0.0,0.0489999684829089
BTR-1102,Water Garden Refill & Seed Kit,Indoor Growing,Water Garden,Consumables,SUP-03,Vietnam,Import,2027-02,2027-02-01,Excess,5,20259.0,16234.0,20248.0,2908.0,0.0,5892.0,5892.0,0.0,0.0,11.0,48.4638,71523.75720000001,89257.1,4776,21042.1,4.4058,16.99,88,12,2500,4459.0,21.4,0.0,0.0489999684829089
BTR-1102,Water Garden Refill & Seed Kit,Indoor Growing,Water Garden,Consumables,SUP-03,Vietnam,Import,2027-03,2027-03-01,In range,4,16332.0,16234.0,20248.0,3927.0,0.0,0.0,0.0,0.0,0.0,0.0,0.0,71523.75720000001,71955.53,4152,18292.88,4.4058,16.99,88,12,2500,4459.0,17.1,0.0,0.0489999684829089
BTR-1102,Water Garden Refill & Seed Kit,Indoor Growing,Water Garden,Consumables,SUP-03,Vietnam,Import,2027-04,2027-04-01,Excess,5,20255.0,16234.0,20248.0,4069.0,0.0,7992.0,7992.0,0.0,0.0,7.0,30.840600000000002,71523.75720000001,89239.48,0,0.0,4.4058,16.99,88,12,2500,4459.0,21.1,0.0,0.0489999684829089
BTR-1102,Water Garden Refill & Seed Kit,Indoor Growing,Water Garden,Consumables,SUP-03,Vietnam,Import,2027-05,2027-05-01,Excess,5,20258.0,16234.0,20248.0,4773.0,0.0,4776.0,4776.0,0.0,0.0,10.0,44.058,71523.75720000001,89252.7,7680,33836.54,4.4058,16.99,88,12,2500,4459.0,22.2,0.0,0.0489999684829089
BTR-1102,Water Garden Refill & Seed Kit,Indoor Growing,Water Garden,Consumables,SUP-03,Vietnam,Import,2027-06,2027-06-01,Excess,5,20252.0,16234.0,20248.0,4158.0,0.0,4152.0,4152.0,0.0,0.0,4.0,17.6232,71523.75720000001,89226.26,0,0.0,4.4058,16.99,88,12,2500,4459.0,22.8,0.0,0.0489999684829089
BTR-1102,Water Garden Refill & Seed Kit,Indoor Growing,Water Garden,Consumables,SUP-03,Vietnam,Import,2027-07,2027-07-01,In range,4,16528.0,16234.0,20248.0,3724.0,0.0,0.0,0.0,0.0,0.0,0.0,0.0,71523.75720000001,72819.06,0,0.0,4.4058,16.99,88,12,2500,4459.0,18.1,0.0,0.0489999684829089
BTR-1102,Water Garden Refill & Seed Kit,Indoor Growing,Water Garden,Consumables,SUP-03,Vietnam,Import,2027-08,2027-08-01,Excess,5,20250.0,16234.0,20248.0,3958.0,0.0,7680.0,7680.0,0.0,0.0,2.0,8.8116,71523.75720000001,89217.45,0,0.0,4.4058,16.99,88,12,2500,4459.0,,0.0,0.0489999684829089
BTR-1103,Self-Watering Countertop Grow Kit,Indoor Growing,Water Garden,Systems,SUP-04,India,Import,2026-09,2026-09-01,Stockout,1,0.0,8908.0,10695.0,1710.0,0.0,0.0,0.0,8908.0,179641.40039999998,0.0,0.0,179641.40039999998,0.0,11008,221990.63,20.1663,64.99,110,4,800,2357.0,0.0,654.0,0.0669999830399768
BTR-1103,Self-Watering Countertop Grow Kit,Indoor Growing,Water Garden,Systems,SUP-04,India,Import,2026-10,2026-10-01,Stockout,1,0.0,8908.0,10695.0,2240.0,1733.0,0.0,1733.0,8908.0,179641.40039999998,0.0,0.0,179641.40039999998,0.0,0,0.0,20.1663,64.99,110,4,800,2357.0,0.0,507.0,0.0669999830399768
BTR-1103,Self-Watering Countertop Grow Kit,Indoor Growing,Water Garden,Systems,SUP-04,India,Import,2026-11,2026-11-01,Buy,2,614.0,8908.0,10695.0,2496.0,3110.0,0.0,3110.0,8294.0,167259.2922,0.0,0.0,179641.40039999998,12382.11,3436,69291.41,20.1663,64.99,110,4,800,2357.0,1.2,0.0,0.0669999830399768
BTR-1103,Self-Watering Countertop Grow Kit,Indoor Growing,Water Garden,Systems,SUP-04,India,Import,2026-12,2026-12-01,Buy,2,1884.0,8908.0,10695.0,2517.0,3787.0,0.0,3787.0,7024.0,141648.0912,0.0,0.0,179641.40039999998,37993.31,2376,47915.13,20.1663,64.99,110,4,800,2357.0,3.6,0.0,0.0669999830399768
BTR-1103,Self-Watering Countertop Grow Kit,Indoor Growing,Water Garden,Systems,SUP-04,India,Import,2027-01,2027-01-01,Excess,5,11202.0,8908.0,10695.0,1690.0,0.0,11008.0,11008.0,0.0,0.0,507.0,10224.3141,179641.40039999998,225902.89,2820,56868.97,20.1663,64.99,110,4,800,2357.0,20.9,0.0,0.0669999830399768
BTR-1103,Self-Watering Countertop Grow Kit,Indoor Growing,Water Garden,Systems,SUP-04,India,Import,2027-02,2027-02-01,In range,4,9535.0,8908.0,10695.0,1667.0,0.0,0.0,0.0,0.0,0.0,0.0,0.0,179641.40039999998,192285.67,2484,50093.09,20.1663,64.99,110,4,800,2357.0,17.0,0.0,0.0669999830399768
BTR-1103,Self-Watering Countertop Grow Kit,Indoor Growing,Water Garden,Systems,SUP-04,India,Import,2027-03,2027-03-01,Excess,5,10698.0,8908.0,10695.0,2273.0,0.0,3436.0,3436.0,0.0,0.0,3.0,60.4989,179641.40039999998,215739.08,2244,45253.18,20.1663,64.99,110,4,800,2357.0,18.8,0.0,0.0669999830399768
BTR-1103,Self-Watering Countertop Grow Kit,Indoor Growing,Water Garden,Systems,SUP-04,India,Import,2027-04,2027-04-01,In range,4,10695.0,8908.0,10695.0,2379.0,0.0,2376.0,2376.0,0.0,0.0,0.0,0.0,179641.40039999998,215678.58,2412,48641.12,20.1663,64.99,110,4,800,2357.0,18.6,0.0,0.0669999830399768
BTR-1103,Self-Watering Countertop Grow Kit,Indoor Growing,Water Garden,Systems,SUP-04,India,Import,2027-05,2027-05-01,In range,4,10695.0,8908.0,10695.0,2820.0,0.0,2820.0,2820.0,0.0,0.0,0.0,0.0,179641.40039999998,215678.58,0,0.0,20.1663,64.99,110,4,800,2357.0,19.5,0.0,0.0669999830399768
BTR-1103,Self-Watering Countertop Grow Kit,Indoor Growing,Water Garden,Systems,SUP-04,India,Import,2027-06,2027-06-01,Excess,5,10697.0,8908.0,10695.0,2482.0,0.0,2484.0,2484.0,0.0,0.0,2.0,40.3326,179641.40039999998,215718.91,0,0.0,20.1663,64.99,110,4,800,2357.0,19.9,0.0,0.0669999830399768
BTR-1103,Self-Watering Countertop Grow Kit,Indoor Growing,Water Garden,Systems,SUP-04,India,Import,2027-07,2027-07-01,Excess,5,10696.0,8908.0,10695.0,2245.0,0.0,2244.0,2244.0,0.0,0.0,1.0,20.1663,179641.40039999998,215698.74,0,0.0,20.1663,64.99,110,4,800,2357.0,19.2,0.0,0.0669999830399768
BTR-1103,Self-Watering Countertop Grow Kit,Indoor Growing,Water Garden,Systems,SUP-04,India,Import,2027-08,2027-08-01,Excess,5,10697.0,8908.0,10695.0,2411.0,0.0,2412.0,2412.0,0.0,0.0,2.0,40.3326,179641.40039999998,215718.91,0,0.0,20.1663,64.99,110,4,800,2357.0,,0.0,0.0669999830399768
BTR-1201,Windowsill Herb Kit - Basil,Indoor Growing,Herb Kits,Single Herb,SUP-04,India,Import,2026-09,2026-09-01,Buy,2,14340.0,30694.0,37102.0,5696.0,0.0,0.0,0.0,16354.0,86375.2864,0.0,0.0,162113.4304,75738.14,26964,142413.06,5.2816,17.99,110,12,2400,7199.0,8.8,0.0,0.0669999830399768
BTR-1201,Windowsill Herb Kit - Basil,Indoor Growing,Herb Kits,Single Herb,SUP-04,India,Import,2026-10,2026-10-01,Buy,2,13287.0,30694.0,37102.0,6132.0,5079.0,0.0,5079.0,17407.0,91936.8112,0.0,0.0,162113.4304,70176.62,0,0.0,5.2816,17.99,110,12,2400,7199.0,8.1,0.0,0.0669999830399768
BTR-1201,Windowsill Herb Kit - Basil,Indoor Growing,Herb Kits,Single Herb,SUP-04,India,Import,2026-11,2026-11-01,Buy,2,13627.0,30694.0,37102.0,8794.0,9134.0,0.0,9134.0,17067.0,90141.0672,0.0,0.0,162113.4304,71972.36,14292,75484.63,5.2816,17.99,110,12,2400,7199.0,8.5,0.0,0.0669999830399768
BTR-1201,Windowsill Herb Kit - Basil,Indoor Growing,Herb Kits,Single Herb,SUP-04,India,Import,2026-12,2026-12-01,Buy,2,15888.0,30694.0,37102.0,6556.0,8817.0,0.0,8817.0,14806.0,78199.3696,0.0,0.0,162113.4304,83914.06,9108,48104.81,5.2816,17.99,110,12,2400,7199.0,9.9,0.0,0.0669999830399768
BTR-1201,Windowsill Herb Kit - Basil,Indoor Growing,Herb Kits,Single Herb,SUP-04,India,Import,2027-01,2027-01-01,Excess,5,37112.0,30694.0,37102.0,5740.0,0.0,26964.0,26964.0,0.0,0.0,10.0,52.816,162113.4304,196010.74,8184,43224.61,5.2816,17.99,110,12,2400,7199.0,22.5,0.0,0.0669999830399768
BTR-1201,Windowsill Herb Kit - Basil,Indoor Growing,Herb Kits,Single Herb,SUP-04,India,Import,2027-02,2027-02-01,In range,4,30741.0,30694.0,37102.0,6371.0,0.0,0.0,0.0,0.0,0.0,0.0,0.0,162113.4304,162361.67,6504,34351.53,5.2816,17.99,110,12,2400,7199.0,18.3,0.0,0.0669999830399768
BTR-1201,Windowsill Herb Kit - Basil,Indoor Growing,Herb Kits,Single Herb,SUP-04,India,Import,2027-03,2027-03-01,Excess,5,37104.0,30694.0,37102.0,7929.0,0.0,14292.0,14292.0,0.0,0.0,2.0,10.5632,162113.4304,195968.49,0,0.0,5.2816,17.99,110,12,2400,7199.0,22.5,0.0,0.0669999830399768
BTR-1201,Windowsill Herb Kit - Basil,Indoor Growing,Herb Kits,Single Herb,SUP-04,India,Import,2027-04,2027-04-01,Excess,5,37107.0,30694.0,37102.0,9105.0,0.0,9108.0,9108.0,0.0,0.0,5.0,26.408,162113.4304,195984.33,11940,63062.3,5.2816,17.99,110,12,2400,7199.0,24.1,0.0,0.0669999830399768
BTR-1201,Windowsill Herb Kit - Basil,Indoor Growing,Herb Kits,Single Herb,SUP-04,India,Import,2027-05,2027-05-01,Excess,5,37107.0,30694.0,37102.0,8184.0,0.0,8184.0,8184.0,0.0,0.0,5.0,26.408,162113.4304,195984.33,0,0.0,5.2816,17.99,110,12,2400,7199.0,26.1,0.0,0.0669999830399768
BTR-1201,Windowsill Herb Kit - Basil,Indoor Growing,Herb Kits,Single Herb,SUP-04,India,Import,2027-06,2027-06-01,Excess,5,37110.0,30694.0,37102.0,6501.0,0.0,6504.0,6504.0,0.0,0.0,8.0,42.2528,162113.4304,196000.18,0,0.0,5.2816,17.99,110,12,2400,7199.0,26.9,0.0,0.0669999830399768
BTR-1201,Windowsill Herb Kit - Basil,Indoor Growing,Herb Kits,Single Herb,SUP-04,India,Import,2027-07,2027-07-01,In range,4,31285.0,30694.0,37102.0,5825.0,0.0,0.0,0.0,0.0,0.0,0.0,0.0,162113.4304,165234.86,0,0.0,5.2816,17.99,110,12,2400,7199.0,22.1,0.0,0.0669999830399768
BTR-1201,Windowsill Herb Kit - Basil,Indoor Growing,Herb Kits,Single Herb,SUP-04,India,Import,2027-08,2027-08-01,Excess,5,37108.0,30694.0,37102.0,6117.0,0.0,11940.0,11940.0,0.0,0.0,6.0,31.6896,162113.4304,195989.61,0,0.0,5.2816,17.99,110,12,2400,7199.0,,0.0,0.0669999830399768
BTR-1202,Windowsill Herb Kit - Cilantro,Indoor Growing,Herb Kits,Single Herb,SUP-04,India,Import,2026-09,2026-09-01,Buy,2,11930.0,21165.0,25530.0,3584.0,0.0,0.0,0.0,9235.0,48775.576,0.0,0.0,111785.064,63009.49,9396,49625.91,5.2816,17.99,110,12,2400,5160.0,12.7,0.0,0.0669999830399768
BTR-1202,Windowsill Herb Kit - Cilantro,Indoor Growing,Herb Kits,Single Herb,SUP-04,India,Import,2026-10,2026-10-01,Buy,2,13602.0,21165.0,25530.0,3806.0,5478.0,0.0,5478.0,7563.0,39944.7408,0.0,0.0,111785.064,71840.32,0,0.0,5.2816,17.99,110,12,2400,5160.0,14.3,0.0,0.0669999830399768
BTR-1202,Windowsill Herb Kit - Cilantro,Indoor Growing,Herb Kits,Single Herb,SUP-04,India,Import,2026-11,2026-11-01,In transit,3,16468.0,21165.0,25530.0,5384.0,8250.0,0.0,8250.0,4697.0,24807.6752,0.0,0.0,111785.064,86977.39,8340,44048.54,5.2816,17.99,110,12,2400,5160.0,18.0,0.0,0.0669999830399768
BTR-1202,Windowsill Herb Kit - Cilantro,Indoor Growing,Herb Kits,Single Herb,SUP-04,India,Import,2026-12,2026-12-01,In transit,3,19564.0,21165.0,25530.0,3959.0,7055.0,0.0,7055.0,1601.0,8455.8416,0.0,0.0,111785.064,103329.22,5196,27443.19,5.2816,17.99,110,12,2400,5160.0,21.4,0.0,0.0669999830399768
BTR-1202,Windowsill Herb Kit - Cilantro,Indoor Growing,Herb Kits,Single Herb,SUP-04,India,Import,2027-01,2027-01-01,Excess,5,25540.0,21165.0,25530.0,3420.0,0.0,9396.0,9396.0,0.0,0.0,10.0,52.816,111785.064,134892.06,4620,24400.99,5.2816,17.99,110,12,2400,5160.0,27.4,0.0,0.0669999830399768
BTR-1202,Windowsill Herb Kit - Cilantro,Indoor Growing,Herb Kits,Single Herb,SUP-04,India,Import,2027-02,2027-02-01,In range,4,21796.0,21165.0,25530.0,3744.0,0.0,0.0,0.0,0.0,0.0,0.0,0.0,111785.064,115117.75,0,0.0,5.2816,17.99,110,12,2400,5160.0,23.1,0.0,0.0669999830399768
BTR-1202,Windowsill Herb Kit - Cilantro,Indoor Growing,Herb Kits,Single Herb,SUP-04,India,Import,2027-03,2027-03-01,Excess,5,25540.0,21165.0,25530.0,4596.0,0.0,8340.0,8340.0,0.0,0.0,10.0,52.816,111785.064,134892.06,6816,35999.39,5.2816,17.99,110,12,2400,5160.0,27.7,0.0,0.0669999830399768
BTR-1202,Windowsill Herb Kit - Cilantro,Indoor Growing,Herb Kits,Single Herb,SUP-04,India,Import,2027-04,2027-04-01,In range,4,25530.0,21165.0,25530.0,5206.0,0.0,5196.0,5196.0,0.0,0.0,0.0,0.0,111785.064,134839.25,0,0.0,5.2816,17.99,110,12,2400,5160.0,30.0,0.0,0.0669999830399768
BTR-1202,Windowsill Herb Kit - Cilantro,Indoor Growing,Herb Kits,Single Herb,SUP-04,India,Import,2027-05,2027-05-01,Excess,5,25534.0,21165.0,25530.0,4616.0,0.0,4620.0,4620.0,0.0,0.0,4.0,21.1264,111785.064,134860.37,0,0.0,5.2816,17.99,110,12,2400,5160.0,32.8,0.0,0.0669999830399768
BTR-1202,Windowsill Herb Kit - Cilantro,Indoor Growing,Herb Kits,Single Herb,SUP-04,India,Import,2027-06,2027-06-01,In range,4,21917.0,21165.0,25530.0,3617.0,0.0,0.0,0.0,0.0,0.0,0.0,0.0,111785.064,115756.83,0,0.0,5.2816,17.99,110,12,2400,5160.0,29.2,0.0,0.0669999830399768
BTR-1202,Windowsill Herb Kit - Cilantro,Indoor Growing,Herb Kits,Single Herb,SUP-04,India,Import,2027-07,2027-07-01,Excess,5,25536.0,21165.0,25530.0,3197.0,0.0,6816.0,6816.0,0.0,0.0,6.0,31.6896,111785.064,134870.94,0,0.0,5.2816,17.99,110,12,2400,5160.0,33.4,0.0,0.0669999830399768
BTR-1202,Windowsill Herb Kit - Cilantro,Indoor Growing,Herb Kits,Single Herb,SUP-04,India,Import,2027-08,2027-08-01,In range,4,22224.0,21165.0,25530.0,3312.0,0.0,0.0,0.0,0.0,0.0,0.0,0.0,111785.064,117378.28,0,0.0,5.2816,17.99,110,12,2400,5160.0,,0.0,0.0669999830399768
BTR-1203,Windowsill Herb Kit - Mint,Indoor Growing,Herb Kits,Single Herb,SUP-04,India,Import,2026-09,2026-09-01,Buy,2,8703.0,18703.0,22256.0,2822.0,0.0,0.0,0.0,10000.0,52816.0,0.0,0.0,98781.7648,45965.76,16392,86575.99,5.2816,17.99,110,12,1800,5677.0,10.6,0.0,0.0669999830399768
BTR-1203,Windowsill Herb Kit - Mint,Indoor Growing,Herb Kits,Single Herb,SUP-04,India,Import,2026-10,2026-10-01,Buy,2,9185.0,18703.0,22256.0,3050.0,3532.0,0.0,3532.0,9518.0,50270.2688,0.0,0.0,98781.7648,48511.5,0,0.0,5.2816,17.99,110,12,1800,5677.0,11.0,0.0,0.0669999830399768
BTR-1203,Windowsill Herb Kit - Mint,Indoor Growing,Herb Kits,Single Herb,SUP-04,India,Import,2026-11,2026-11-01,Buy,2,7905.0,18703.0,22256.0,4392.0,3112.0,0.0,3112.0,10798.0,57030.7168,0.0,0.0,98781.7648,41751.05,7248,38281.04,5.2816,17.99,110,12,1800,5677.0,9.7,0.0,0.0669999830399768
BTR-1203,Windowsill Herb Kit - Mint,Indoor Growing,Herb Kits,Single Herb,SUP-04,India,Import,2026-12,2026-12-01,Buy,2,8760.0,18703.0,22256.0,3287.0,4142.0,0.0,4142.0,9943.0,52514.9488,0.0,0.0,98781.7648,46266.82,4632,24464.37,5.2816,17.99,110,12,1800,5677.0,10.7,0.0,0.0669999830399768
BTR-1203,Windowsill Herb Kit - Mint,Indoor Growing,Herb Kits,Single Herb,SUP-04,India,Import,2027-01,2027-01-01,Excess,5,22262.0,18703.0,22256.0,2890.0,0.0,16392.0,16392.0,0.0,0.0,6.0,31.6896,98781.7648,117578.98,4188,22119.34,5.2816,17.99,110,12,1800,5677.0,26.4,0.0,0.0669999830399768
BTR-1203,Windowsill Herb Kit - Mint,Indoor Growing,Herb Kits,Single Herb,SUP-04,India,Import,2027-02,2027-02-01,In range,4,19042.0,18703.0,22256.0,3220.0,0.0,0.0,0.0,0.0,0.0,0.0,0.0,98781.7648,100572.23,0,0.0,5.2816,17.99,110,12,1800,5677.0,22.1,0.0,0.0669999830399768
BTR-1203,Windowsill Herb Kit - Mint,Indoor Growing,Herb Kits,Single Herb,SUP-04,India,Import,2027-03,2027-03-01,Excess,5,22267.0,18703.0,22256.0,4023.0,0.0,7248.0,7248.0,0.0,0.0,11.0,58.0976,98781.7648,117605.39,6336,33464.22,5.2816,17.99,110,12,1800,5677.0,26.3,0.0,0.0669999830399768
BTR-1203,Windowsill Herb Kit - Mint,Indoor Growing,Herb Kits,Single Herb,SUP-04,India,Import,2027-04,2027-04-01,Excess,5,22260.0,18703.0,22256.0,4639.0,0.0,4632.0,4632.0,0.0,0.0,4.0,21.1264,98781.7648,117568.42,0,0.0,5.2816,17.99,110,12,1800,5677.0,28.2,0.0,0.0669999830399768
BTR-1203,Windowsill Herb Kit - Mint,Indoor Growing,Herb Kits,Single Herb,SUP-04,India,Import,2027-05,2027-05-01,Excess,5,22262.0,18703.0,22256.0,4186.0,0.0,4188.0,4188.0,0.0,0.0,6.0,31.6896,98781.7648,117578.98,0,0.0,5.2816,17.99,110,12,1800,5677.0,30.4,0.0,0.0669999830399768
BTR-1203,Windowsill Herb Kit - Mint,Indoor Growing,Herb Kits,Single Herb,SUP-04,India,Import,2027-06,2027-06-01,In range,4,18923.0,18703.0,22256.0,3339.0,0.0,0.0,0.0,0.0,0.0,0.0,0.0,98781.7648,99943.72,0,0.0,5.2816,17.99,110,12,1800,5677.0,26.6,0.0,0.0669999830399768
BTR-1203,Windowsill Herb Kit - Mint,Indoor Growing,Herb Kits,Single Herb,SUP-04,India,Import,2027-07,2027-07-01,In range,4,22256.0,18703.0,22256.0,3003.0,0.0,6336.0,6336.0,0.0,0.0,0.0,0.0,98781.7648,117547.29,0,0.0,5.2816,17.99,110,12,1800,5677.0,30.4,0.0,0.0669999830399768
BTR-1203,Windowsill Herb Kit - Mint,Indoor Growing,Herb Kits,Single Herb,SUP-04,India,Import,2027-08,2027-08-01,In range,4,19090.0,18703.0,22256.0,3166.0,0.0,0.0,0.0,0.0,0.0,0.0,0.0,98781.7648,100825.74,0,0.0,5.2816,17.99,110,12,1800,5677.0,,0.0,0.0669999830399768
BTR-1204,Herb Garden Trio Gift Set,Indoor Growing,Herb Kits,Gifting,SUP-03,Vietnam,Import,2026-09,2026-09-01,Buy,2,9439.0,13711.0,16776.0,2478.0,2767.0,0.0,2767.0,4272.0,51983.404800000004,0.0,0.0,166840.9324,114857.53,13932,169530.15,12.1684,39.99,88,4,1200,4722.0,13.4,0.0,0.0489999684829089
BTR-1204,Herb Garden Trio Gift Set,Indoor Growing,Herb Kits,Gifting,SUP-03,Vietnam,Import,2026-10,2026-10-01,Buy,2,9525.0,13711.0,16776.0,2668.0,2754.0,0.0,2754.0,4186.0,50936.9224,0.0,0.0,166840.9324,115904.01,0,0.0,12.1684,39.99,88,4,1200,4722.0,13.3,0.0,0.0489999684829089
BTR-1204,Herb Garden Trio Gift Set,Indoor Growing,Herb Kits,Gifting,SUP-03,Vietnam,Import,2026-11,2026-11-01,Buy,2,5699.0,13711.0,16776.0,3826.0,0.0,0.0,0.0,8012.0,97493.2208,0.0,0.0,166840.9324,69347.71,5268,64103.13,12.1684,39.99,88,4,1200,4722.0,8.2,0.0,0.0489999684829089
BTR-1204,Herb Garden Trio Gift Set,Indoor Growing,Herb Kits,Gifting,SUP-03,Vietnam,Import,2026-12,2026-12-01,Excess,5,16779.0,13711.0,16776.0,2852.0,0.0,13932.0,13932.0,0.0,0.0,3.0,36.5052,166840.9324,204173.58,3448,41956.64,12.1684,39.99,88,4,1200,4722.0,24.0,0.0,0.0489999684829089
BTR-1204,Herb Garden Trio Gift Set,Indoor Growing,Herb Kits,Gifting,SUP-03,Vietnam,Import,2027-01,2027-01-01,In range,4,14282.0,13711.0,16776.0,2497.0,0.0,0.0,0.0,0.0,0.0,0.0,0.0,166840.9324,173789.09,3956,48138.19,12.1684,39.99,88,4,1200,4722.0,19.9,0.0,0.0489999684829089
BTR-1204,Herb Garden Trio Gift Set,Indoor Growing,Herb Kits,Gifting,SUP-03,Vietnam,Import,2027-02,2027-02-01,Excess,5,16779.0,13711.0,16776.0,2771.0,0.0,5268.0,5268.0,0.0,0.0,3.0,36.5052,166840.9324,204173.58,3560,43319.5,12.1684,39.99,88,4,1200,4722.0,23.0,0.0,0.0489999684829089
BTR-1204,Herb Garden Trio Gift Set,Indoor Growing,Herb Kits,Gifting,SUP-03,Vietnam,Import,2027-03,2027-03-01,Excess,5,16779.0,13711.0,16776.0,3448.0,0.0,3448.0,3448.0,0.0,0.0,3.0,36.5052,166840.9324,204173.58,0,0.0,12.1684,39.99,88,4,1200,4722.0,23.4,0.0,0.0489999684829089
BTR-1204,Herb Garden Trio Gift Set,Indoor Growing,Herb Kits,Gifting,SUP-03,Vietnam,Import,2027-04,2027-04-01,In range,4,16776.0,13711.0,16776.0,3959.0,0.0,3956.0,3956.0,0.0,0.0,0.0,0.0,166840.9324,204137.08,5360,65222.62,12.1684,39.99,88,4,1200,4722.0,25.1,0.0,0.0489999684829089
BTR-1204,Herb Garden Trio Gift Set,Indoor Growing,Herb Kits,Gifting,SUP-03,Vietnam,Import,2027-05,2027-05-01,Excess,5,16777.0,13711.0,16776.0,3559.0,0.0,3560.0,3560.0,0.0,0.0,1.0,12.1684,166840.9324,204149.25,0,0.0,12.1684,39.99,88,4,1200,4722.0,27.2,0.0,0.0489999684829089
BTR-1204,Herb Garden Trio Gift Set,Indoor Growing,Herb Kits,Gifting,SUP-03,Vietnam,Import,2027-06,2027-06-01,In range,4,13950.0,13711.0,16776.0,2827.0,0.0,0.0,0.0,0.0,0.0,0.0,0.0,166840.9324,169749.18,0,0.0,12.1684,39.99,88,4,1200,4722.0,23.3,0.0,0.0489999684829089
BTR-1204,Herb Garden Trio Gift Set,Indoor Growing,Herb Kits,Gifting,SUP-03,Vietnam,Import,2027-07,2027-07-01,Excess,5,16778.0,13711.0,16776.0,2532.0,0.0,5360.0,5360.0,0.0,0.0,2.0,24.3368,166840.9324,204161.42,0,0.0,12.1684,39.99,88,4,1200,4722.0,27.3,0.0,0.0489999684829089
BTR-1204,Herb Garden Trio Gift Set,Indoor Growing,Herb Kits,Gifting,SUP-03,Vietnam,Import,2027-08,2027-08-01,In range,4,14119.0,13711.0,16776.0,2659.0,0.0,0.0,0.0,0.0,0.0,0.0,0.0,166840.9324,171805.64,0,0.0,12.1684,39.99,88,4,1200,4722.0,,0.0,0.0489999684829089
BTR-1205,Microgreens Grow Kit,Indoor Growing,Herb Kits,Microgreens,SUP-03,Vietnam,Import,2026-09,2026-09-01,Buy,2,3888.0,8488.0,10746.0,2086.0,1909.0,0.0,1909.0,4600.0,27987.32,0.0,0.0,51642.6896,23655.37,8400,51107.28,6.0842,19.99,88,12,1500,1865.0,6.4,0.0,0.0489999684829089
BTR-1205,Microgreens Grow Kit,Indoor Growing,Herb Kits,Microgreens,SUP-03,Vietnam,Import,2026-10,2026-10-01,Buy,2,4329.0,8488.0,10746.0,2253.0,2694.0,0.0,2694.0,4159.0,25304.1878,0.0,0.0,51642.6896,26338.5,0,0.0,6.0842,19.99,88,12,1500,1865.0,7.0,0.0,0.0489999684829089
BTR-1205,Microgreens Grow Kit,Indoor Growing,Herb Kits,Microgreens,SUP-03,Vietnam,Import,2026-11,2026-11-01,Buy,2,4775.0,8488.0,10746.0,3243.0,3689.0,0.0,3689.0,3713.0,22590.6346,0.0,0.0,51642.6896,29052.06,4512,27451.91,6.0842,19.99,88,12,1500,1865.0,8.0,0.0,0.0489999684829089
BTR-1205,Microgreens Grow Kit,Indoor Growing,Herb Kits,Microgreens,SUP-03,Vietnam,Import,2026-12,2026-12-01,Excess,5,10749.0,8488.0,10746.0,2426.0,0.0,8400.0,8400.0,0.0,0.0,3.0,18.2526,51642.6896,65399.07,2964,18033.57,6.0842,19.99,88,12,1500,1865.0,17.8,0.0,0.0489999684829089
BTR-1205,Microgreens Grow Kit,Indoor Growing,Herb Kits,Microgreens,SUP-03,Vietnam,Import,2027-01,2027-01-01,In range,4,8617.0,8488.0,10746.0,2132.0,0.0,0.0,0.0,0.0,0.0,0.0,0.0,51642.6896,52427.55,3420,20807.96,6.0842,19.99,88,12,1500,1865.0,13.9,0.0,0.0489999684829089
BTR-1205,Microgreens Grow Kit,Indoor Growing,Herb Kits,Microgreens,SUP-03,Vietnam,Import,2027-02,2027-02-01,Excess,5,10755.0,8488.0,10746.0,2374.0,0.0,4512.0,4512.0,0.0,0.0,9.0,54.7578,51642.6896,65435.57,3072,18690.66,6.0842,19.99,88,12,1500,1865.0,17.0,0.0,0.0489999684829089
BTR-1205,Microgreens Grow Kit,Indoor Growing,Herb Kits,Microgreens,SUP-03,Vietnam,Import,2027-03,2027-03-01,Excess,5,10754.0,8488.0,10746.0,2965.0,0.0,2964.0,2964.0,0.0,0.0,8.0,48.6736,51642.6896,65429.49,2460,14967.13,6.0842,19.99,88,12,1500,1865.0,17.3,0.0,0.0489999684829089
BTR-1205,Microgreens Grow Kit,Indoor Growing,Herb Kits,Microgreens,SUP-03,Vietnam,Import,2027-04,2027-04-01,Excess,5,10757.0,8488.0,10746.0,3417.0,0.0,3420.0,3420.0,0.0,0.0,11.0,66.9262,51642.6896,65447.74,0,0.0,6.0842,19.99,88,12,1500,1865.0,18.5,0.0,0.0489999684829089
BTR-1205,Microgreens Grow Kit,Indoor Growing,Herb Kits,Microgreens,SUP-03,Vietnam,Import,2027-05,2027-05-01,Excess,5,10747.0,8488.0,10746.0,3082.0,0.0,3072.0,3072.0,0.0,0.0,1.0,6.0842,51642.6896,65386.9,4536,27597.93,6.0842,19.99,88,12,1500,1865.0,20.0,0.0,0.0489999684829089
BTR-1205,Microgreens Grow Kit,Indoor Growing,Herb Kits,Microgreens,SUP-03,Vietnam,Import,2027-06,2027-06-01,Excess,5,10750.0,8488.0,10746.0,2457.0,0.0,2460.0,2460.0,0.0,0.0,4.0,24.3368,51642.6896,65405.15,0,0.0,6.0842,19.99,88,12,1500,1865.0,20.5,0.0,0.0489999684829089
BTR-1205,Microgreens Grow Kit,Indoor Growing,Herb Kits,Microgreens,SUP-03,Vietnam,Import,2027-07,2027-07-01,In range,4,8541.0,8488.0,10746.0,2209.0,0.0,0.0,0.0,0.0,0.0,0.0,0.0,51642.6896,51965.15,0,0.0,6.0842,19.99,88,12,1500,1865.0,15.9,0.0,0.0489999684829089
BTR-1205,Microgreens Grow Kit,Indoor Growing,Herb Kits,Microgreens,SUP-03,Vietnam,Import,2027-08,2027-08-01,Excess,5,10749.0,8488.0,10746.0,2328.0,0.0,4536.0,4536.0,0.0,0.0,3.0,18.2526,51642.6896,65399.07,0,0.0,6.0842,19.99,88,12,1500,1865.0,,0.0,0.0489999684829089
BTR-2001,Organic Seed Variety Pack - 12ct,Outdoor Gardening,Seeds,Variety Packs,SUP-05,Mexico,Import,2026-09,2026-09-01,Buy,2,18571.0,23460.0,33543.0,6243.0,4688.0,0.0,4688.0,4889.0,18737.0925,0.0,0.0,89910.45,71173.36,23508,90094.41,3.8325,14.99,35,12,3000,11697.0,8.1,0.0,0.0220000059715167
BTR-2001,Organic Seed Variety Pack - 12ct,Outdoor Gardening,Seeds,Variety Packs,SUP-05,Mexico,Import,2026-10,2026-10-01,Buy,2,16372.0,23460.0,33543.0,7860.0,5661.0,0.0,5661.0,7088.0,27164.76,0.0,0.0,89910.45,62745.69,0,0.0,3.8325,14.99,35,12,3000,11697.0,7.0,0.0,0.0220000059715167
BTR-2001,Organic Seed Variety Pack - 12ct,Outdoor Gardening,Seeds,Variety Packs,SUP-05,Mexico,Import,2026-11,2026-11-01,In range,4,33543.0,23460.0,33543.0,6337.0,0.0,23508.0,23508.0,0.0,0.0,0.0,0.0,89910.45,128553.55,15252,58453.29,3.8325,14.99,35,12,3000,11697.0,13.7,0.0,0.0220000059715167
BTR-2001,Organic Seed Variety Pack - 12ct,Outdoor Gardening,Seeds,Variety Packs,SUP-05,Mexico,Import,2026-12,2026-12-01,In range,4,27997.0,23460.0,33543.0,5546.0,0.0,0.0,0.0,0.0,0.0,0.0,0.0,89910.45,107298.5,13584,52060.68,3.8325,14.99,35,12,3000,11697.0,10.8,0.0,0.0220000059715167
BTR-2001,Organic Seed Variety Pack - 12ct,Outdoor Gardening,Seeds,Variety Packs,SUP-05,Mexico,Import,2027-01,2027-01-01,Excess,5,33552.0,23460.0,33543.0,9697.0,0.0,15252.0,15252.0,0.0,0.0,9.0,34.4925,89910.45,128588.04,17004,65167.83,3.8325,14.99,35,12,3000,11697.0,12.7,0.0,0.0220000059715167
BTR-2001,Organic Seed Variety Pack - 12ct,Outdoor Gardening,Seeds,Variety Packs,SUP-05,Mexico,Import,2027-02,2027-02-01,Excess,5,33551.0,23460.0,33543.0,13585.0,0.0,13584.0,13584.0,0.0,0.0,8.0,30.66,89910.45,128584.21,16476,63144.27,3.8325,14.99,35,12,3000,11697.0,13.1,0.0,0.0220000059715167
BTR-2001,Organic Seed Variety Pack - 12ct,Outdoor Gardening,Seeds,Variety Packs,SUP-05,Mexico,Import,2027-03,2027-03-01,Excess,5,33548.0,23460.0,33543.0,17007.0,0.0,17004.0,17004.0,0.0,0.0,5.0,19.1625,89910.45,128572.71,12048,46173.96,3.8325,14.99,35,12,3000,11697.0,14.6,0.0,0.0220000059715167
BTR-2001,Organic Seed Variety Pack - 12ct,Outdoor Gardening,Seeds,Variety Packs,SUP-05,Mexico,Import,2027-04,2027-04-01,Excess,5,33546.0,23460.0,33543.0,16478.0,0.0,16476.0,16476.0,0.0,0.0,3.0,11.4975,89910.45,128565.04,0,0.0,3.8325,14.99,35,12,3000,11697.0,17.5,0.0,0.0220000059715167
BTR-2001,Organic Seed Variety Pack - 12ct,Outdoor Gardening,Seeds,Variety Packs,SUP-05,Mexico,Import,2027-05,2027-05-01,Excess,5,33546.0,23460.0,33543.0,12048.0,0.0,12048.0,12048.0,0.0,0.0,3.0,11.4975,89910.45,128565.04,14904,57119.58,3.8325,14.99,35,12,3000,11697.0,20.6,0.0,0.0220000059715167
BTR-2001,Organic Seed Variety Pack - 12ct,Outdoor Gardening,Seeds,Variety Packs,SUP-05,Mexico,Import,2027-06,2027-06-01,In range,4,25596.0,23460.0,33543.0,7950.0,0.0,0.0,0.0,0.0,0.0,0.0,0.0,89910.45,98096.67,0,0.0,3.8325,14.99,35,12,3000,11697.0,16.7,0.0,0.0220000059715167
BTR-2001,Organic Seed Variety Pack - 12ct,Outdoor Gardening,Seeds,Variety Packs,SUP-05,Mexico,Import,2027-07,2027-07-01,Excess,5,33550.0,23460.0,33543.0,6950.0,0.0,14904.0,14904.0,0.0,0.0,7.0,26.8275,89910.45,128580.38,0,0.0,3.8325,14.99,35,12,3000,11697.0,23.1,0.0,0.0220000059715167
BTR-2001,Organic Seed Variety Pack - 12ct,Outdoor Gardening,Seeds,Variety Packs,SUP-05,Mexico,Import,2027-08,2027-08-01,In range,4,27260.0,23460.0,33543.0,6290.0,0.0,0.0,0.0,0.0,0.0,0.0,0.0,89910.45,104473.95,0,0.0,3.8325,14.99,35,12,3000,11697.0,,0.0,0.0220000059715167
BTR-2002,Organic Heirloom Tomato Seeds,Outdoor Gardening,Seeds,Vegetable,SUP-05,Mexico,Import,2026-09,2026-09-01,In range,4,34295.0,33151.0,47902.0,10152.0,23698.0,0.0,23698.0,0.0,0.0,0.0,0.0,32186.3059,33297.02,37176,36094.18,0.9709,4.99,35,24,6000,15941.0,8.4,0.0,0.0220000059715167
BTR-2002,Organic Heirloom Tomato Seeds,Outdoor Gardening,Seeds,Vegetable,SUP-05,Mexico,Import,2026-10,2026-10-01,Buy,2,21338.0,33151.0,47902.0,12957.0,0.0,0.0,0.0,11813.0,11469.2417,0.0,0.0,32186.3059,20717.06,0,0.0,0.9709,4.99,35,24,6000,15941.0,5.1,0.0,0.0220000059715167
BTR-2002,Organic Heirloom Tomato Seeds,Outdoor Gardening,Seeds,Vegetable,SUP-05,Mexico,Import,2026-11,2026-11-01,Excess,5,47924.0,33151.0,47902.0,10590.0,0.0,37176.0,37176.0,0.0,0.0,22.0,21.3598,32186.3059,46529.41,26040,25282.24,0.9709,4.99,35,24,6000,15941.0,11.0,0.0,0.0220000059715167
BTR-2002,Organic Heirloom Tomato Seeds,Outdoor Gardening,Seeds,Vegetable,SUP-05,Mexico,Import,2026-12,2026-12-01,In range,4,38529.0,33151.0,47902.0,9395.0,0.0,0.0,0.0,0.0,0.0,0.0,0.0,32186.3059,37407.81,23640,22952.08,0.9709,4.99,35,24,6000,15941.0,8.3,0.0,0.0220000059715167
BTR-2002,Organic Heirloom Tomato Seeds,Outdoor Gardening,Seeds,Vegetable,SUP-05,Mexico,Import,2027-01,2027-01-01,Excess,5,47914.0,33151.0,47902.0,16655.0,0.0,26040.0,26040.0,0.0,0.0,12.0,11.6508,32186.3059,46519.7,30024,29150.3,0.9709,4.99,35,24,6000,15941.0,10.1,0.0,0.0220000059715167
BTR-2002,Organic Heirloom Tomato Seeds,Outdoor Gardening,Seeds,Vegetable,SUP-05,Mexico,Import,2027-02,2027-02-01,Excess,5,47903.0,33151.0,47902.0,23651.0,0.0,23640.0,23640.0,0.0,0.0,1.0,0.9709,32186.3059,46509.02,29472,28614.36,0.9709,4.99,35,24,6000,15941.0,10.3,0.0,0.0220000059715167
BTR-2002,Organic Heirloom Tomato Seeds,Outdoor Gardening,Seeds,Vegetable,SUP-05,Mexico,Import,2027-03,2027-03-01,Excess,5,47911.0,33151.0,47902.0,30016.0,0.0,30024.0,30024.0,0.0,0.0,9.0,8.7381,32186.3059,46516.79,21864,21227.76,0.9709,4.99,35,24,6000,15941.0,11.4,0.0,0.0220000059715167
BTR-2002,Organic Heirloom Tomato Seeds,Outdoor Gardening,Seeds,Vegetable,SUP-05,Mexico,Import,2027-04,2027-04-01,In range,4,47902.0,33151.0,47902.0,29481.0,0.0,29472.0,29472.0,0.0,0.0,0.0,0.0,32186.3059,46508.05,0,0.0,0.9709,4.99,35,24,6000,15941.0,13.5,0.0,0.0220000059715167
BTR-2002,Organic Heirloom Tomato Seeds,Outdoor Gardening,Seeds,Vegetable,SUP-05,Mexico,Import,2027-05,2027-05-01,Excess,5,47914.0,33151.0,47902.0,21852.0,0.0,21864.0,21864.0,0.0,0.0,12.0,11.6508,32186.3059,46519.7,27576,26773.54,0.9709,4.99,35,24,6000,15941.0,15.8,0.0,0.0220000059715167
BTR-2002,Organic Heirloom Tomato Seeds,Outdoor Gardening,Seeds,Vegetable,SUP-05,Mexico,Import,2027-06,2027-06-01,In range,4,33297.0,33151.0,47902.0,14617.0,0.0,0.0,0.0,0.0,0.0,0.0,0.0,32186.3059,32328.06,0,0.0,0.9709,4.99,35,24,6000,15941.0,11.6,0.0,0.0220000059715167
BTR-2002,Organic Heirloom Tomato Seeds,Outdoor Gardening,Seeds,Vegetable,SUP-05,Mexico,Import,2027-07,2027-07-01,Excess,5,47918.0,33151.0,47902.0,12955.0,0.0,27576.0,27576.0,0.0,0.0,16.0,15.5344,32186.3059,46523.59,0,0.0,0.9709,4.99,35,24,6000,15941.0,17.5,0.0,0.0220000059715167
BTR-2002,Organic Heirloom Tomato Seeds,Outdoor Gardening,Seeds,Vegetable,SUP-05,Mexico,Import,2027-08,2027-08-01,In range,4,36033.0,33151.0,47902.0,11885.0,0.0,0.0,0.0,0.0,0.0,0.0,0.0,32186.3059,34984.44,0,0.0,0.9709,4.99,35,24,6000,15941.0,,0.0,0.0220000059715167
BTR-2003,Organic Culinary Herb Seed Pack,Outdoor Gardening,Seeds,Herb,SUP-05,Mexico,Import,2026-09,2026-09-01,In transit,3,15654.0,22912.0,33542.0,6844.0,12485.0,0.0,12485.0,7258.0,8159.4436000000005,0.0,0.0,25757.670400000003,17598.23,22320,25092.14,1.1242,5.49,35,24,6000,10510.0,5.8,0.0,0.0220000059715167
BTR-2003,Organic Culinary Herb Seed Pack,Outdoor Gardening,Seeds,Herb,SUP-05,Mexico,Import,2026-10,2026-10-01,In transit,3,18324.0,22912.0,33542.0,8700.0,11370.0,0.0,11370.0,4588.0,5157.8296,0.0,0.0,25757.670400000003,20599.84,0,0.0,1.1242,5.49,35,24,6000,10510.0,6.7,0.0,0.0220000059715167
BTR-2003,Organic Culinary Herb Seed Pack,Outdoor Gardening,Seeds,Herb,SUP-05,Mexico,Import,2026-11,2026-11-01,Excess,5,33562.0,22912.0,33542.0,7082.0,0.0,22320.0,22320.0,0.0,0.0,20.0,22.484,25757.670400000003,37730.4,17304,19453.16,1.1242,5.49,35,24,6000,10510.0,11.7,0.0,0.0220000059715167
BTR-2003,Organic Culinary Herb Seed Pack,Outdoor Gardening,Seeds,Herb,SUP-05,Mexico,Import,2026-12,2026-12-01,In range,4,27305.0,22912.0,33542.0,6257.0,0.0,0.0,0.0,0.0,0.0,0.0,0.0,25757.670400000003,30696.28,15624,17564.5,1.1242,5.49,35,24,6000,10510.0,9.0,0.0,0.0220000059715167
BTR-2003,Organic Culinary Herb Seed Pack,Outdoor Gardening,Seeds,Herb,SUP-05,Mexico,Import,2027-01,2027-01-01,Excess,5,33562.0,22912.0,33542.0,11047.0,0.0,17304.0,17304.0,0.0,0.0,20.0,22.484,25757.670400000003,37730.4,19728,22178.22,1.1242,5.49,35,24,6000,10510.0,10.8,0.0,0.0220000059715167
BTR-2003,Organic Culinary Herb Seed Pack,Outdoor Gardening,Seeds,Herb,SUP-05,Mexico,Import,2027-02,2027-02-01,Excess,5,33562.0,22912.0,33542.0,15624.0,0.0,15624.0,15624.0,0.0,0.0,20.0,22.484,25757.670400000003,37730.4,19320,21719.54,1.1242,5.49,35,24,6000,10510.0,11.1,0.0,0.0220000059715167
BTR-2003,Organic Culinary Herb Seed Pack,Outdoor Gardening,Seeds,Herb,SUP-05,Mexico,Import,2027-03,2027-03-01,In range,4,33542.0,22912.0,33542.0,19748.0,0.0,19728.0,19728.0,0.0,0.0,0.0,0.0,25757.670400000003,37707.92,14280,16053.58,1.1242,5.49,35,24,6000,10510.0,12.3,0.0,0.0220000059715167
BTR-2003,Organic Culinary Herb Seed Pack,Outdoor Gardening,Seeds,Herb,SUP-05,Mexico,Import,2027-04,2027-04-01,Excess,5,33545.0,22912.0,33542.0,19317.0,0.0,19320.0,19320.0,0.0,0.0,3.0,3.3726000000000003,25757.670400000003,37711.29,0,0.0,1.1242,5.49,35,24,6000,10510.0,14.6,0.0,0.0220000059715167
BTR-2003,Organic Culinary Herb Seed Pack,Outdoor Gardening,Seeds,Herb,SUP-05,Mexico,Import,2027-05,2027-05-01,Excess,5,33565.0,22912.0,33542.0,14260.0,0.0,14280.0,14280.0,0.0,0.0,23.0,25.8566,25757.670400000003,37733.77,17880,20100.7,1.1242,5.49,35,24,6000,10510.0,17.1,0.0,0.0220000059715167
BTR-2003,Organic Culinary Herb Seed Pack,Outdoor Gardening,Seeds,Herb,SUP-05,Mexico,Import,2027-06,2027-06-01,In range,4,24066.0,22912.0,33542.0,9499.0,0.0,0.0,0.0,0.0,0.0,0.0,0.0,25757.670400000003,27055.0,0,0.0,1.1242,5.49,35,24,6000,10510.0,13.0,0.0,0.0220000059715167
BTR-2003,Organic Culinary Herb Seed Pack,Outdoor Gardening,Seeds,Herb,SUP-05,Mexico,Import,2027-07,2027-07-01,Excess,5,33561.0,22912.0,33542.0,8385.0,0.0,17880.0,17880.0,0.0,0.0,19.0,21.3598,25757.670400000003,37729.28,0,0.0,1.1242,5.49,35,24,6000,10510.0,19.0,0.0,0.0220000059715167
BTR-2003,Organic Culinary Herb Seed Pack,Outdoor Gardening,Seeds,Herb,SUP-05,Mexico,Import,2027-08,2027-08-01,In range,4,25900.0,22912.0,33542.0,7661.0,0.0,0.0,0.0,0.0,0.0,0.0,0.0,25757.670400000003,29116.78,0,0.0,1.1242,5.49,35,24,6000,10510.0,,0.0,0.0220000059715167
BTR-2004,Organic Wildflower Pollinator Mix,Outdoor Gardening,Seeds,Flower,SUP-09,Canada,Import,2026-09,2026-09-01,In range,4,10738.0,10168.0,17237.0,4423.0,3919.0,0.0,3919.0,0.0,0.0,0.0,0.0,24598.4256,25977.37,12144,29378.76,2.4192,9.99,18,24,4000,5927.0,6.2,0.0,0.007999489665731
BTR-2004,Organic Wildflower Pollinator Mix,Outdoor Gardening,Seeds,Flower,SUP-09,Canada,Import,2026-10,2026-10-01,Excess,5,17259.0,10168.0,17237.0,5623.0,0.0,12144.0,12144.0,0.0,0.0,22.0,53.2224,24598.4256,41752.97,0,0.0,2.4192,9.99,18,24,4000,5927.0,9.7,0.0,0.007999489665731
BTR-2004,Organic Wildflower Pollinator Mix,Outdoor Gardening,Seeds,Flower,SUP-09,Canada,Import,2026-11,2026-11-01,In range,4,12681.0,10168.0,17237.0,4578.0,0.0,0.0,0.0,0.0,0.0,0.0,0.0,24598.4256,30677.88,8616,20843.83,2.4192,9.99,18,24,4000,5927.0,6.8,0.0,0.007999489665731
BTR-2004,Organic Wildflower Pollinator Mix,Outdoor Gardening,Seeds,Flower,SUP-09,Canada,Import,2026-12,2026-12-01,Excess,5,17251.0,10168.0,17237.0,4046.0,0.0,8616.0,8616.0,0.0,0.0,14.0,33.8688,24598.4256,41733.62,7152,17302.12,2.4192,9.99,18,24,4000,5927.0,8.7,0.0,0.007999489665731
BTR-2004,Organic Wildflower Pollinator Mix,Outdoor Gardening,Seeds,Flower,SUP-09,Canada,Import,2027-01,2027-01-01,Excess,5,17259.0,10168.0,17237.0,7144.0,0.0,7152.0,7152.0,0.0,0.0,22.0,53.2224,24598.4256,41752.97,10104,24443.6,2.4192,9.99,18,24,4000,5927.0,8.6,0.0,0.007999489665731
BTR-2004,Organic Wildflower Pollinator Mix,Outdoor Gardening,Seeds,Flower,SUP-09,Canada,Import,2027-02,2027-02-01,Excess,5,17257.0,10168.0,17237.0,10106.0,0.0,10104.0,10104.0,0.0,0.0,20.0,48.384,24598.4256,41748.13,12768,30888.35,2.4192,9.99,18,24,4000,5927.0,8.8,0.0,0.007999489665731
BTR-2004,Organic Wildflower Pollinator Mix,Outdoor Gardening,Seeds,Flower,SUP-09,Canada,Import,2027-03,2027-03-01,Excess,5,17248.0,10168.0,17237.0,12777.0,0.0,12768.0,12768.0,0.0,0.0,11.0,26.6112,24598.4256,41726.36,12504,30249.68,2.4192,9.99,18,24,4000,5927.0,9.8,0.0,0.007999489665731
BTR-2004,Organic Wildflower Pollinator Mix,Outdoor Gardening,Seeds,Flower,SUP-09,Canada,Import,2027-04,2027-04-01,Excess,5,17252.0,10168.0,17237.0,12500.0,0.0,12504.0,12504.0,0.0,0.0,15.0,36.288,24598.4256,41736.04,9216,22295.35,2.4192,9.99,18,24,4000,5927.0,11.6,0.0,0.007999489665731
BTR-2004,Organic Wildflower Pollinator Mix,Outdoor Gardening,Seeds,Flower,SUP-09,Canada,Import,2027-05,2027-05-01,Excess,5,17238.0,10168.0,17237.0,9230.0,0.0,9216.0,9216.0,0.0,0.0,1.0,2.4192,24598.4256,41702.17,0,0.0,2.4192,9.99,18,24,4000,5927.0,13.5,0.0,0.007999489665731
BTR-2004,Organic Wildflower Pollinator Mix,Outdoor Gardening,Seeds,Flower,SUP-09,Canada,Import,2027-06,2027-06-01,In range,4,11088.0,10168.0,17237.0,6150.0,0.0,0.0,0.0,0.0,0.0,0.0,0.0,24598.4256,26824.09,11592,28043.37,2.4192,9.99,18,24,4000,5927.0,9.2,0.0,0.007999489665731
BTR-2004,Organic Wildflower Pollinator Mix,Outdoor Gardening,Seeds,Flower,SUP-09,Canada,Import,2027-07,2027-07-01,Excess,5,17250.0,10168.0,17237.0,5430.0,0.0,11592.0,11592.0,0.0,0.0,13.0,31.4496,24598.4256,41731.2,0,0.0,2.4192,9.99,18,24,4000,5927.0,15.1,0.0,0.007999489665731
BTR-2004,Organic Wildflower Pollinator Mix,Outdoor Gardening,Seeds,Flower,SUP-09,Canada,Import,2027-08,2027-08-01,In range,4,12288.0,10168.0,17237.0,4962.0,0.0,0.0,0.0,0.0,0.0,0.0,0.0,24598.4256,29727.13,0,0.0,2.4192,9.99,18,24,4000,5927.0,,0.0,0.007999489665731
BTR-2005,Kids Garden Seed Starter Kit,Outdoor Gardening,Seeds,Kids,SUP-05,Mexico,Import,2026-09,2026-09-01,In range,4,8816.0,6472.0,9268.0,1740.0,2555.0,0.0,2555.0,0.0,0.0,0.0,0.0,41009.1808,55861.7,0,0.0,6.3364,22.99,35,8,1500,3209.0,12.7,0.0,0.0220000059715167
BTR-2005,Kids Garden Seed Starter Kit,Outdoor Gardening,Seeds,Kids,SUP-05,Mexico,Import,2026-10,2026-10-01,In range,4,8827.0,6472.0,9268.0,2218.0,2229.0,0.0,2229.0,0.0,0.0,0.0,0.0,41009.1808,55931.4,3864,24483.85,6.3364,22.99,35,8,1500,3209.0,12.4,0.0,0.0220000059715167
BTR-2005,Kids Garden Seed Starter Kit,Outdoor Gardening,Seeds,Kids,SUP-05,Mexico,Import,2026-11,2026-11-01,In range,4,7016.0,6472.0,9268.0,1811.0,0.0,0.0,0.0,0.0,0.0,0.0,0.0,41009.1808,44456.18,2840,17995.38,6.3364,22.99,35,8,1500,3209.0,9.4,0.0,0.0220000059715167
BTR-2005,Kids Garden Seed Starter Kit,Outdoor Gardening,Seeds,Kids,SUP-05,Mexico,Import,2026-12,2026-12-01,Excess,5,9275.0,6472.0,9268.0,1605.0,0.0,3864.0,3864.0,0.0,0.0,7.0,44.354800000000004,41009.1808,58770.11,4032,25548.36,6.3364,22.99,35,8,1500,3209.0,11.7,0.0,0.0220000059715167
BTR-2005,Kids Garden Seed Starter Kit,Outdoor Gardening,Seeds,Kids,SUP-05,Mexico,Import,2027-01,2027-01-01,Excess,5,9272.0,6472.0,9268.0,2843.0,0.0,2840.0,2840.0,0.0,0.0,4.0,25.3456,41009.1808,58751.1,5112,32391.68,6.3364,22.99,35,8,1500,3209.0,11.4,0.0,0.0220000059715167
BTR-2005,Kids Garden Seed Starter Kit,Outdoor Gardening,Seeds,Kids,SUP-05,Mexico,Import,2027-02,2027-02-01,Excess,5,9271.0,6472.0,9268.0,4033.0,0.0,4032.0,4032.0,0.0,0.0,3.0,19.0092,41009.1808,58744.76,5024,31834.07,6.3364,22.99,35,8,1500,3209.0,11.7,0.0,0.0220000059715167
BTR-2005,Kids Garden Seed Starter Kit,Outdoor Gardening,Seeds,Kids,SUP-05,Mexico,Import,2027-03,2027-03-01,Excess,5,9269.0,6472.0,9268.0,5114.0,0.0,5112.0,5112.0,0.0,0.0,1.0,6.3364,41009.1808,58732.09,3712,23520.72,6.3364,22.99,35,8,1500,3209.0,13.0,0.0,0.0220000059715167
BTR-2005,Kids Garden Seed Starter Kit,Outdoor Gardening,Seeds,Kids,SUP-05,Mexico,Import,2027-04,2027-04-01,Excess,5,9275.0,6472.0,9268.0,5018.0,0.0,5024.0,5024.0,0.0,0.0,7.0,44.354800000000004,41009.1808,58770.11,0,0.0,6.3364,22.99,35,8,1500,3209.0,15.4,0.0,0.0220000059715167
BTR-2005,Kids Garden Seed Starter Kit,Outdoor Gardening,Seeds,Kids,SUP-05,Mexico,Import,2027-05,2027-05-01,Excess,5,9272.0,6472.0,9268.0,3715.0,0.0,3712.0,3712.0,0.0,0.0,4.0,25.3456,41009.1808,58751.1,4680,29654.35,6.3364,22.99,35,8,1500,3209.0,18.0,0.0,0.0220000059715167
BTR-2005,Kids Garden Seed Starter Kit,Outdoor Gardening,Seeds,Kids,SUP-05,Mexico,Import,2027-06,2027-06-01,In range,4,6789.0,6472.0,9268.0,2483.0,0.0,0.0,0.0,0.0,0.0,0.0,0.0,41009.1808,43017.82,0,0.0,6.3364,22.99,35,8,1500,3209.0,14.0,0.0,0.0220000059715167
BTR-2005,Kids Garden Seed Starter Kit,Outdoor Gardening,Seeds,Kids,SUP-05,Mexico,Import,2027-07,2027-07-01,Excess,5,9271.0,6472.0,9268.0,2198.0,0.0,4680.0,4680.0,0.0,0.0,3.0,19.0092,41009.1808,58744.76,0,0.0,6.3364,22.99,35,8,1500,3209.0,19.9,0.0,0.0220000059715167
BTR-2005,Kids Garden Seed Starter Kit,Outdoor Gardening,Seeds,Kids,SUP-05,Mexico,Import,2027-08,2027-08-01,In range,4,7256.0,6472.0,9268.0,2015.0,0.0,0.0,0.0,0.0,0.0,0.0,0.0,41009.1808,45976.92,0,0.0,6.3364,22.99,35,8,1500,3209.0,,0.0,0.0220000059715167
BTR-2101,Organic Potting Mix 12qt,Outdoor Gardening,Soils & Media,Potting,SUP-06,United States,Domestic,2026-09,2026-09-01,In range,4,40574.0,36598.0,68153.0,21023.0,0.0,0.0,0.0,0.0,0.0,0.0,0.0,157371.4,174468.2,54294,233464.2,4.3,13.99,14,6,10000,21872.0,5.5,0.0,0.0
BTR-2101,Organic Potting Mix 12qt,Outdoor Gardening,Soils & Media,Potting,SUP-06,United States,Domestic,2026-10,2026-10-01,Excess,5,68154.0,36598.0,68153.0,26714.0,0.0,54294.0,54294.0,0.0,0.0,1.0,4.3,157371.4,293062.2,0,0.0,4.3,13.99,14,6,10000,21872.0,9.1,0.0,0.0
BTR-2101,Organic Potting Mix 12qt,Outdoor Gardening,Soils & Media,Potting,SUP-06,United States,Domestic,2026-11,2026-11-01,In range,4,53066.0,36598.0,68153.0,15088.0,0.0,0.0,0.0,0.0,0.0,0.0,0.0,157371.4,228183.8,0,0.0,4.3,13.99,14,6,10000,21872.0,6.7,0.0,0.0
BTR-2101,Organic Potting Mix 12qt,Outdoor Gardening,Soils & Media,Potting,SUP-06,United States,Domestic,2026-12,2026-12-01,In range,4,37568.0,36598.0,68153.0,15498.0,0.0,0.0,0.0,0.0,0.0,0.0,0.0,157371.4,161542.4,50490,217107.0,4.3,13.99,14,6,10000,21872.0,4.4,0.0,0.0
BTR-2101,Organic Potting Mix 12qt,Outdoor Gardening,Soils & Media,Potting,SUP-06,United States,Domestic,2027-01,2027-01-01,Excess,5,68158.0,36598.0,68153.0,19900.0,0.0,50490.0,50490.0,0.0,0.0,5.0,21.5,157371.4,293079.4,32892,141435.6,4.3,13.99,14,6,10000,21872.0,7.5,0.0,0.0
BTR-2101,Organic Potting Mix 12qt,Outdoor Gardening,Soils & Media,Potting,SUP-06,United States,Domestic,2027-02,2027-02-01,Excess,5,68154.0,36598.0,68153.0,32896.0,0.0,32892.0,32892.0,0.0,0.0,1.0,4.3,157371.4,293062.2,51858,222989.4,4.3,13.99,14,6,10000,21872.0,7.3,0.0,0.0
BTR-2101,Organic Potting Mix 12qt,Outdoor Gardening,Soils & Media,Potting,SUP-06,United States,Domestic,2027-03,2027-03-01,In range,4,68153.0,36598.0,68153.0,51859.0,0.0,51858.0,51858.0,0.0,0.0,0.0,0.0,157371.4,293057.9,57024,245203.2,4.3,13.99,14,6,10000,21872.0,7.8,0.0,0.0
BTR-2101,Organic Potting Mix 12qt,Outdoor Gardening,Soils & Media,Potting,SUP-06,United States,Domestic,2027-04,2027-04-01,In range,4,68153.0,36598.0,68153.0,57024.0,0.0,57024.0,57024.0,0.0,0.0,0.0,0.0,157371.4,293057.9,46578,200285.4,4.3,13.99,14,6,10000,21872.0,8.9,0.0,0.0
BTR-2101,Organic Potting Mix 12qt,Outdoor Gardening,Soils & Media,Potting,SUP-06,United States,Domestic,2027-05,2027-05-01,Excess,5,68158.0,36598.0,68153.0,46573.0,0.0,46578.0,46578.0,0.0,0.0,5.0,21.5,157371.4,293079.4,35274,151678.2,4.3,13.99,14,6,10000,21872.0,10.2,0.0,0.0
BTR-2101,Organic Potting Mix 12qt,Outdoor Gardening,Soils & Media,Potting,SUP-06,United States,Domestic,2027-06,2027-06-01,Excess,5,68155.0,36598.0,68153.0,35277.0,0.0,35274.0,35274.0,0.0,0.0,2.0,8.6,157371.4,293066.5,0,0.0,4.3,13.99,14,6,10000,21872.0,11.5,0.0,0.0
BTR-2101,Organic Potting Mix 12qt,Outdoor Gardening,Soils & Media,Potting,SUP-06,United States,Domestic,2027-07,2027-07-01,In range,4,40122.0,36598.0,68153.0,28033.0,0.0,0.0,0.0,0.0,0.0,0.0,0.0,157371.4,172524.6,51330,220719.0,4.3,13.99,14,6,10000,21872.0,7.5,0.0,0.0
BTR-2101,Organic Potting Mix 12qt,Outdoor Gardening,Soils & Media,Potting,SUP-06,United States,Domestic,2027-08,2027-08-01,Excess,5,68156.0,36598.0,68153.0,23296.0,0.0,51330.0,51330.0,0.0,0.0,3.0,12.899999999999999,157371.4,293070.8,0,0.0,4.3,13.99,14,6,10000,21872.0,,0.0,0.0
BTR-2102,Organic Seed Starting Mix 8qt,Outdoor Gardening,Soils & Media,Starting,SUP-06,United States,Domestic,2026-09,2026-09-01,In range,4,38631.0,24685.0,45606.0,16129.0,40775.0,0.0,40775.0,0.0,0.0,0.0,0.0,88866.0,139071.6,27822,100159.2,3.6,11.99,14,6,8000,14922.0,6.1,0.0,0.0
BTR-2102,Organic Seed Starting Mix 8qt,Outdoor Gardening,Soils & Media,Starting,SUP-06,United States,Domestic,2026-10,2026-10-01,Excess,5,45610.0,24685.0,45606.0,20843.0,0.0,27822.0,27822.0,0.0,0.0,4.0,14.4,88866.0,164196.0,0,0.0,3.6,11.99,14,6,8000,14922.0,7.0,0.0,0.0
BTR-2102,Organic Seed Starting Mix 8qt,Outdoor Gardening,Soils & Media,Starting,SUP-06,United States,Domestic,2026-11,2026-11-01,In range,4,33639.0,24685.0,45606.0,11971.0,0.0,0.0,0.0,0.0,0.0,0.0,0.0,88866.0,121100.4,24474,88106.4,3.6,11.99,14,6,8000,14922.0,4.9,0.0,0.0
BTR-2102,Organic Seed Starting Mix 8qt,Outdoor Gardening,Soils & Media,Starting,SUP-06,United States,Domestic,2026-12,2026-12-01,Excess,5,45608.0,24685.0,45606.0,12505.0,0.0,24474.0,24474.0,0.0,0.0,2.0,7.2,88866.0,164188.8,0,0.0,3.6,11.99,14,6,8000,14922.0,6.2,0.0,0.0
BTR-2102,Organic Seed Starting Mix 8qt,Outdoor Gardening,Soils & Media,Starting,SUP-06,United States,Domestic,2027-01,2027-01-01,In range,4,29279.0,24685.0,45606.0,16329.0,0.0,0.0,0.0,0.0,0.0,0.0,0.0,88866.0,105404.4,43782,157615.2,3.6,11.99,14,6,8000,14922.0,3.7,0.0,0.0
BTR-2102,Organic Seed Starting Mix 8qt,Outdoor Gardening,Soils & Media,Starting,SUP-06,United States,Domestic,2027-02,2027-02-01,Excess,5,45610.0,24685.0,45606.0,27451.0,0.0,43782.0,43782.0,0.0,0.0,4.0,14.4,88866.0,164196.0,44010,158436.0,3.6,11.99,14,6,8000,14922.0,5.6,0.0,0.0
BTR-2102,Organic Seed Starting Mix 8qt,Outdoor Gardening,Soils & Media,Starting,SUP-06,United States,Domestic,2027-03,2027-03-01,Excess,5,45611.0,24685.0,45606.0,44009.0,0.0,44010.0,44010.0,0.0,0.0,5.0,18.0,88866.0,164199.6,49212,177163.2,3.6,11.99,14,6,8000,14922.0,5.9,0.0,0.0
BTR-2102,Organic Seed Starting Mix 8qt,Outdoor Gardening,Soils & Media,Starting,SUP-06,United States,Domestic,2027-04,2027-04-01,Excess,5,45610.0,24685.0,45606.0,49213.0,0.0,49212.0,49212.0,0.0,0.0,4.0,14.4,88866.0,164196.0,40872,147139.2,3.6,11.99,14,6,8000,14922.0,6.6,0.0,0.0
BTR-2102,Organic Seed Starting Mix 8qt,Outdoor Gardening,Soils & Media,Starting,SUP-06,United States,Domestic,2027-05,2027-05-01,Excess,5,45607.0,24685.0,45606.0,40875.0,0.0,40872.0,40872.0,0.0,0.0,1.0,3.6,88866.0,164185.2,31488,113356.8,3.6,11.99,14,6,8000,14922.0,7.6,0.0,0.0
BTR-2102,Organic Seed Starting Mix 8qt,Outdoor Gardening,Soils & Media,Starting,SUP-06,United States,Domestic,2027-06,2027-06-01,Excess,5,45609.0,24685.0,45606.0,31486.0,0.0,31488.0,31488.0,0.0,0.0,3.0,10.8,88866.0,164192.4,25446,91605.6,3.6,11.99,14,6,8000,14922.0,8.4,0.0,0.0
BTR-2102,Organic Seed Starting Mix 8qt,Outdoor Gardening,Soils & Media,Starting,SUP-06,United States,Domestic,2027-07,2027-07-01,Excess,5,45611.0,24685.0,45606.0,25444.0,0.0,25446.0,25446.0,0.0,0.0,5.0,18.0,88866.0,164199.6,21498,77392.8,3.6,11.99,14,6,8000,14922.0,9.2,0.0,0.0
BTR-2102,Organic Seed Starting Mix 8qt,Outdoor Gardening,Soils & Media,Starting,SUP-06,United States,Domestic,2027-08,2027-08-01,In range,4,45606.0,24685.0,45606.0,21503.0,0.0,21498.0,21498.0,0.0,0.0,0.0,0.0,88866.0,164181.6,0,0.0,3.6,11.99,14,6,8000,14922.0,,0.0,0.0
BTR-2103,Organic Raised Bed Mix 1.5 cu ft,Outdoor Gardening,Soils & Media,Raised Bed,SUP-07,United States,Domestic,2026-09,2026-09-01,Excess,5,36297.0,10814.0,23365.0,9028.0,13440.0,0.0,13440.0,0.0,0.0,12932.0,115094.8,96244.6,323043.3,0,0.0,8.9,24.99,10,4,6000,6630.0,11.5,0.0,0.0
BTR-2103,Organic Raised Bed Mix 1.5 cu ft,Outdoor Gardening,Soils & Media,Raised Bed,SUP-07,United States,Domestic,2026-10,2026-10-01,Excess,5,24838.0,10814.0,23365.0,11459.0,0.0,0.0,0.0,0.0,0.0,1473.0,13109.7,96244.6,221058.2,0,0.0,8.9,24.99,10,4,6000,6630.0,7.8,0.0,0.0
BTR-2103,Organic Raised Bed Mix 1.5 cu ft,Outdoor Gardening,Soils & Media,Raised Bed,SUP-07,United States,Domestic,2026-11,2026-11-01,In range,4,18374.0,10814.0,23365.0,6464.0,0.0,0.0,0.0,0.0,0.0,0.0,0.0,96244.6,163528.6,0,0.0,8.9,24.99,10,4,6000,6630.0,5.4,0.0,0.0
BTR-2103,Organic Raised Bed Mix 1.5 cu ft,Outdoor Gardening,Soils & Media,Raised Bed,SUP-07,United States,Domestic,2026-12,2026-12-01,In range,4,11742.0,10814.0,23365.0,6632.0,0.0,0.0,0.0,0.0,0.0,0.0,0.0,96244.6,104503.8,20132,179174.8,8.9,24.99,10,4,6000,6630.0,3.2,0.0,0.0
BTR-2103,Organic Raised Bed Mix 1.5 cu ft,Outdoor Gardening,Soils & Media,Raised Bed,SUP-07,United States,Domestic,2027-01,2027-01-01,Excess,5,23368.0,10814.0,23365.0,8506.0,0.0,20132.0,20132.0,0.0,0.0,3.0,26.700000000000003,96244.6,207975.2,14044,124991.6,8.9,24.99,10,4,6000,6630.0,6.1,0.0,0.0
BTR-2103,Organic Raised Bed Mix 1.5 cu ft,Outdoor Gardening,Soils & Media,Raised Bed,SUP-07,United States,Domestic,2027-02,2027-02-01,Excess,5,23367.0,10814.0,23365.0,14045.0,0.0,14044.0,14044.0,0.0,0.0,2.0,17.8,96244.6,207966.3,22116,196832.4,8.9,24.99,10,4,6000,6630.0,5.9,0.0,0.0
BTR-2103,Organic Raised Bed Mix 1.5 cu ft,Outdoor Gardening,Soils & Media,Raised Bed,SUP-07,United States,Domestic,2027-03,2027-03-01,Excess,5,23368.0,10814.0,23365.0,22115.0,0.0,22116.0,22116.0,0.0,0.0,3.0,26.700000000000003,96244.6,207975.2,24288,216163.2,8.9,24.99,10,4,6000,6630.0,6.3,0.0,0.0
BTR-2103,Organic Raised Bed Mix 1.5 cu ft,Outdoor Gardening,Soils & Media,Raised Bed,SUP-07,United States,Domestic,2027-04,2027-04-01,Excess,5,23367.0,10814.0,23365.0,24289.0,0.0,24288.0,24288.0,0.0,0.0,2.0,17.8,96244.6,207966.3,19812,176326.8,8.9,24.99,10,4,6000,6630.0,7.2,0.0,0.0
BTR-2103,Organic Raised Bed Mix 1.5 cu ft,Outdoor Gardening,Soils & Media,Raised Bed,SUP-07,United States,Domestic,2027-05,2027-05-01,In range,4,23365.0,10814.0,23365.0,19814.0,0.0,19812.0,19812.0,0.0,0.0,0.0,0.0,96244.6,207948.5,14992,133428.8,8.9,24.99,10,4,6000,6630.0,8.3,0.0,0.0
BTR-2103,Organic Raised Bed Mix 1.5 cu ft,Outdoor Gardening,Soils & Media,Raised Bed,SUP-07,United States,Domestic,2027-06,2027-06-01,Excess,5,23366.0,10814.0,23365.0,14991.0,0.0,14992.0,14992.0,0.0,0.0,1.0,8.9,96244.6,207957.4,0,0.0,8.9,24.99,10,4,6000,6630.0,9.3,0.0,0.0
BTR-2103,Organic Raised Bed Mix 1.5 cu ft,Outdoor Gardening,Soils & Media,Raised Bed,SUP-07,United States,Domestic,2027-07,2027-07-01,In range,4,11468.0,10814.0,23365.0,11898.0,0.0,0.0,0.0,0.0,0.0,0.0,0.0,96244.6,102065.2,21776,193806.4,8.9,24.99,10,4,6000,6630.0,5.0,0.0,0.0
BTR-2103,Organic Raised Bed Mix 1.5 cu ft,Outdoor Gardening,Soils & Media,Raised Bed,SUP-07,United States,Domestic,2027-08,2027-08-01,Excess,5,23368.0,10814.0,23365.0,9876.0,0.0,21776.0,21776.0,0.0,0.0,3.0,26.700000000000003,96244.6,207975.2,0,0.0,8.9,24.99,10,4,6000,6630.0,,0.0,0.0
BTR-2104,Organic Compost Blend 8qt,Outdoor Gardening,Soils & Media,Amendments,SUP-07,United States,Domestic,2026-09,2026-09-01,Excess,5,27619.0,6688.0,14559.0,5508.0,8963.0,0.0,8963.0,0.0,0.0,13060.0,40486.0,20732.8,85618.9,0,0.0,3.1,10.49,10,6,8000,4064.0,14.5,0.0,0.0
BTR-2104,Organic Compost Blend 8qt,Outdoor Gardening,Soils & Media,Amendments,SUP-07,United States,Domestic,2026-10,2026-10-01,Excess,5,20637.0,6688.0,14559.0,6982.0,0.0,0.0,0.0,0.0,0.0,6078.0,18841.8,20732.8,63974.7,0,0.0,3.1,10.49,10,6,8000,4064.0,10.7,0.0,0.0
BTR-2104,Organic Compost Blend 8qt,Outdoor Gardening,Soils & Media,Amendments,SUP-07,United States,Domestic,2026-11,2026-11-01,Excess,5,16704.0,6688.0,14559.0,3933.0,0.0,0.0,0.0,0.0,0.0,2145.0,6649.5,20732.8,51782.4,0,0.0,3.1,10.49,10,6,8000,4064.0,8.1,0.0,0.0
BTR-2104,Organic Compost Blend 8qt,Outdoor Gardening,Soils & Media,Amendments,SUP-07,United States,Domestic,2026-12,2026-12-01,In range,4,12673.0,6688.0,14559.0,4031.0,0.0,0.0,0.0,0.0,0.0,0.0,0.0,20732.8,39286.3,0,0.0,3.1,10.49,10,6,8000,4064.0,5.8,0.0,0.0
BTR-2104,Organic Compost Blend 8qt,Outdoor Gardening,Soils & Media,Amendments,SUP-07,United States,Domestic,2027-01,2027-01-01,In range,4,7510.0,6688.0,14559.0,5163.0,0.0,0.0,0.0,0.0,0.0,0.0,0.0,20732.8,23281.0,15564,48248.4,3.1,10.49,10,6,8000,4064.0,3.2,0.0,0.0
BTR-2104,Organic Compost Blend 8qt,Outdoor Gardening,Soils & Media,Amendments,SUP-07,United States,Domestic,2027-02,2027-02-01,Excess,5,14560.0,6688.0,14559.0,8514.0,0.0,15564.0,15564.0,0.0,0.0,1.0,3.1,20732.8,45136.0,13392,41515.2,3.1,10.49,10,6,8000,4064.0,6.1,0.0,0.0
BTR-2104,Organic Compost Blend 8qt,Outdoor Gardening,Soils & Media,Amendments,SUP-07,United States,Domestic,2027-03,2027-03-01,Excess,5,14563.0,6688.0,14559.0,13389.0,0.0,13392.0,13392.0,0.0,0.0,4.0,12.4,20732.8,45145.3,14682,45514.2,3.1,10.49,10,6,8000,4064.0,6.5,0.0,0.0
BTR-2104,Organic Compost Blend 8qt,Outdoor Gardening,Soils & Media,Amendments,SUP-07,United States,Domestic,2027-04,2027-04-01,In range,4,14559.0,6688.0,14559.0,14686.0,0.0,14682.0,14682.0,0.0,0.0,0.0,0.0,20732.8,45132.9,11970,37107.0,3.1,10.49,10,6,8000,4064.0,7.4,0.0,0.0
BTR-2104,Organic Compost Blend 8qt,Outdoor Gardening,Soils & Media,Amendments,SUP-07,United States,Domestic,2027-05,2027-05-01,Excess,5,14564.0,6688.0,14559.0,11965.0,0.0,11970.0,11970.0,0.0,0.0,5.0,15.5,20732.8,45148.4,9036,28011.6,3.1,10.49,10,6,8000,4064.0,8.5,0.0,0.0
BTR-2104,Organic Compost Blend 8qt,Outdoor Gardening,Soils & Media,Amendments,SUP-07,United States,Domestic,2027-06,2027-06-01,In range,4,14559.0,6688.0,14559.0,9041.0,0.0,9036.0,9036.0,0.0,0.0,0.0,0.0,20732.8,45132.9,0,0.0,3.1,10.49,10,6,8000,4064.0,9.6,0.0,0.0
BTR-2104,Organic Compost Blend 8qt,Outdoor Gardening,Soils & Media,Amendments,SUP-07,United States,Domestic,2027-07,2027-07-01,In range,4,7392.0,6688.0,14559.0,7167.0,0.0,0.0,0.0,0.0,0.0,0.0,0.0,20732.8,22915.2,13110,40641.0,3.1,10.49,10,6,8000,4064.0,5.4,0.0,0.0
BTR-2104,Organic Compost Blend 8qt,Outdoor Gardening,Soils & Media,Amendments,SUP-07,United States,Domestic,2027-08,2027-08-01,Excess,5,14561.0,6688.0,14559.0,5941.0,0.0,13110.0,13110.0,0.0,0.0,2.0,6.2,20732.8,45139.1,0,0.0,3.1,10.49,10,6,8000,4064.0,,0.0,0.0
BTR-2201,Raised Bed Starter Kit,Outdoor Gardening,Garden Kits,Beds,SUP-08,United States,Domestic,2026-09,2026-09-01,Excess,5,4074.0,2206.0,3926.0,1385.0,1338.0,0.0,1338.0,0.0,0.0,148.0,4810.0,71695.0,132405.0,0,0.0,32.5,109.99,21,1,600,1002.0,8.7,0.0,0.0
BTR-2201,Raised Bed Starter Kit,Outdoor Gardening,Garden Kits,Beds,SUP-08,United States,Domestic,2026-10,2026-10-01,In range,4,2563.0,2206.0,3926.0,1511.0,0.0,0.0,0.0,0.0,0.0,0.0,0.0,71695.0,83297.5,3226,104845.0,32.5,109.99,21,1,600,1002.0,5.4,0.0,0.0
BTR-2201,Raised Bed Starter Kit,Outdoor Gardening,Garden Kits,Beds,SUP-08,United States,Domestic,2026-11,2026-11-01,In range,4,3926.0,2206.0,3926.0,1863.0,0.0,3226.0,3226.0,0.0,0.0,0.0,0.0,71695.0,127595.0,0,0.0,32.5,109.99,21,1,600,1002.0,8.1,0.0,0.0
BTR-2201,Raised Bed Starter Kit,Outdoor Gardening,Garden Kits,Beds,SUP-08,United States,Domestic,2026-12,2026-12-01,In range,4,2390.0,2206.0,3926.0,1536.0,0.0,0.0,0.0,0.0,0.0,0.0,0.0,71695.0,77675.0,2888,93860.0,32.5,109.99,21,1,600,1002.0,4.8,0.0,0.0
BTR-2201,Raised Bed Starter Kit,Outdoor Gardening,Garden Kits,Beds,SUP-08,United States,Domestic,2027-01,2027-01-01,In range,4,3926.0,2206.0,3926.0,1352.0,0.0,2888.0,2888.0,0.0,0.0,0.0,0.0,71695.0,127595.0,1961,63732.5,32.5,109.99,21,1,600,1002.0,7.5,0.0,0.0
BTR-2201,Raised Bed Starter Kit,Outdoor Gardening,Garden Kits,Beds,SUP-08,United States,Domestic,2027-02,2027-02-01,In range,4,3926.0,2206.0,3926.0,1961.0,0.0,1961.0,1961.0,0.0,0.0,0.0,0.0,71695.0,127595.0,2712,88140.0,32.5,109.99,21,1,600,1002.0,7.3,0.0,0.0
BTR-2201,Raised Bed Starter Kit,Outdoor Gardening,Garden Kits,Beds,SUP-08,United States,Domestic,2027-03,2027-03-01,In range,4,3926.0,2206.0,3926.0,2712.0,0.0,2712.0,2712.0,0.0,0.0,0.0,0.0,71695.0,127595.0,3296,107120.0,32.5,109.99,21,1,600,1002.0,7.5,0.0,0.0
BTR-2201,Raised Bed Starter Kit,Outdoor Gardening,Garden Kits,Beds,SUP-08,United States,Domestic,2027-04,2027-04-01,In range,4,3926.0,2206.0,3926.0,3296.0,0.0,3296.0,3296.0,0.0,0.0,0.0,0.0,71695.0,127595.0,3009,97792.5,32.5,109.99,21,1,600,1002.0,8.5,0.0,0.0
BTR-2201,Raised Bed Starter Kit,Outdoor Gardening,Garden Kits,Beds,SUP-08,United States,Domestic,2027-05,2027-05-01,In range,4,3926.0,2206.0,3926.0,3009.0,0.0,3009.0,3009.0,0.0,0.0,0.0,0.0,71695.0,127595.0,1946,63245.0,32.5,109.99,21,1,600,1002.0,10.3,0.0,0.0
BTR-2201,Raised Bed Starter Kit,Outdoor Gardening,Garden Kits,Beds,SUP-08,United States,Domestic,2027-06,2027-06-01,In range,4,3926.0,2206.0,3926.0,1946.0,0.0,1946.0,1946.0,0.0,0.0,0.0,0.0,71695.0,127595.0,0,0.0,32.5,109.99,21,1,600,1002.0,11.2,0.0,0.0
BTR-2201,Raised Bed Starter Kit,Outdoor Gardening,Garden Kits,Beds,SUP-08,United States,Domestic,2027-07,2027-07-01,In range,4,2450.0,2206.0,3926.0,1476.0,0.0,0.0,0.0,0.0,0.0,0.0,0.0,71695.0,79625.0,3029,98442.5,32.5,109.99,21,1,600,1002.0,6.8,0.0,0.0
BTR-2201,Raised Bed Starter Kit,Outdoor Gardening,Garden Kits,Beds,SUP-08,United States,Domestic,2027-08,2027-08-01,In range,4,3926.0,2206.0,3926.0,1553.0,0.0,3029.0,3029.0,0.0,0.0,0.0,0.0,71695.0,127595.0,0,0.0,32.5,109.99,21,1,600,1002.0,,0.0,0.0
BTR-2202,Windowsill Planter Box,Outdoor Gardening,Garden Kits,Planters,SUP-08,United States,Domestic,2026-09,2026-09-01,Buy,2,1295.0,3767.0,6409.0,2124.0,2036.0,0.0,2036.0,2472.0,35102.4,0.0,0.0,53491.399999999994,18389.0,7460,105932.0,14.2,44.99,21,4,1200,1918.0,1.7,0.0,0.0
BTR-2202,Windowsill Planter Box,Outdoor Gardening,Garden Kits,Planters,SUP-08,United States,Domestic,2026-10,2026-10-01,Excess,5,6412.0,3767.0,6409.0,2343.0,0.0,7460.0,7460.0,0.0,0.0,3.0,42.599999999999994,53491.399999999994,91050.4,2920,41464.0,14.2,44.99,21,4,1200,1918.0,8.1,0.0,0.0
BTR-2202,Windowsill Planter Box,Outdoor Gardening,Garden Kits,Planters,SUP-08,United States,Domestic,2026-11,2026-11-01,Excess,5,6410.0,3767.0,6409.0,2922.0,0.0,2920.0,2920.0,0.0,0.0,1.0,14.2,53491.399999999994,91022.0,0,0.0,14.2,44.99,21,4,1200,1918.0,8.0,0.0,0.0
BTR-2202,Windowsill Planter Box,Outdoor Gardening,Garden Kits,Planters,SUP-08,United States,Domestic,2026-12,2026-12-01,In range,4,3974.0,3767.0,6409.0,2436.0,0.0,0.0,0.0,0.0,0.0,0.0,0.0,53491.399999999994,56430.8,4604,65376.8,14.2,44.99,21,4,1200,1918.0,4.8,0.0,0.0
BTR-2202,Windowsill Planter Box,Outdoor Gardening,Garden Kits,Planters,SUP-08,United States,Domestic,2027-01,2027-01-01,Excess,5,6410.0,3767.0,6409.0,2168.0,0.0,4604.0,4604.0,0.0,0.0,1.0,14.2,53491.399999999994,91022.0,3180,45156.0,14.2,44.99,21,4,1200,1918.0,7.3,0.0,0.0
BTR-2202,Windowsill Planter Box,Outdoor Gardening,Garden Kits,Planters,SUP-08,United States,Domestic,2027-02,2027-02-01,Excess,5,6411.0,3767.0,6409.0,3179.0,0.0,3180.0,3180.0,0.0,0.0,2.0,28.4,53491.399999999994,91036.2,4444,63104.8,14.2,44.99,21,4,1200,1918.0,7.1,0.0,0.0
BTR-2202,Windowsill Planter Box,Outdoor Gardening,Garden Kits,Planters,SUP-08,United States,Domestic,2027-03,2027-03-01,Excess,5,6410.0,3767.0,6409.0,4445.0,0.0,4444.0,4444.0,0.0,0.0,1.0,14.2,53491.399999999994,91022.0,5464,77588.8,14.2,44.99,21,4,1200,1918.0,7.3,0.0,0.0
BTR-2202,Windowsill Planter Box,Outdoor Gardening,Garden Kits,Planters,SUP-08,United States,Domestic,2027-04,2027-04-01,Excess,5,6412.0,3767.0,6409.0,5462.0,0.0,5464.0,5464.0,0.0,0.0,3.0,42.599999999999994,53491.399999999994,91050.4,5040,71568.0,14.2,44.99,21,4,1200,1918.0,8.2,0.0,0.0
BTR-2202,Windowsill Planter Box,Outdoor Gardening,Garden Kits,Planters,SUP-08,United States,Domestic,2027-05,2027-05-01,In range,4,6409.0,3767.0,6409.0,5043.0,0.0,5040.0,5040.0,0.0,0.0,0.0,0.0,53491.399999999994,91007.8,3300,46860.0,14.2,44.99,21,4,1200,1918.0,9.8,0.0,0.0
BTR-2202,Windowsill Planter Box,Outdoor Gardening,Garden Kits,Planters,SUP-08,United States,Domestic,2027-06,2027-06-01,Excess,5,6411.0,3767.0,6409.0,3298.0,0.0,3300.0,3300.0,0.0,0.0,2.0,28.4,53491.399999999994,91036.2,0,0.0,14.2,44.99,21,4,1200,1918.0,10.6,0.0,0.0
BTR-2202,Windowsill Planter Box,Outdoor Gardening,Garden Kits,Planters,SUP-08,United States,Domestic,2027-07,2027-07-01,In range,4,3882.0,3767.0,6409.0,2529.0,0.0,0.0,0.0,0.0,0.0,0.0,0.0,53491.399999999994,55124.4,5220,74124.0,14.2,44.99,21,4,1200,1918.0,6.2,0.0,0.0
BTR-2202,Windowsill Planter Box,Outdoor Gardening,Garden Kits,Planters,SUP-08,United States,Domestic,2027-08,2027-08-01,Excess,5,6411.0,3767.0,6409.0,2691.0,0.0,5220.0,5220.0,0.0,0.0,2.0,28.4,53491.399999999994,91036.2,0,0.0,14.2,44.99,21,4,1200,1918.0,,0.0,0.0
BTR-2203,Kids Pizza Garden Grow Kit,Outdoor Gardening,Garden Kits,Kids,SUP-03,Vietnam,Import,2026-09,2026-09-01,Buy,2,5804.0,12769.0,15712.0,2368.0,4756.0,0.0,4756.0,6965.0,61372.794,0.0,0.0,112515.3204,51142.53,9852,86811.88,8.8116,29.99,88,6,1500,4135.0,7.3,0.0,0.0489999684829089
BTR-2203,Kids Pizza Garden Grow Kit,Outdoor Gardening,Garden Kits,Kids,SUP-03,Vietnam,Import,2026-10,2026-10-01,In transit,3,8107.0,12769.0,15712.0,2581.0,4884.0,0.0,4884.0,4662.0,41079.6792,0.0,0.0,112515.3204,71435.64,0,0.0,8.8116,29.99,88,6,1500,4135.0,10.0,0.0,0.0489999684829089
BTR-2203,Kids Pizza Garden Grow Kit,Outdoor Gardening,Garden Kits,Kids,SUP-03,Vietnam,Import,2026-11,2026-11-01,Buy,2,8482.0,12769.0,15712.0,3178.0,3553.0,0.0,3553.0,4287.0,37775.3292,0.0,0.0,112515.3204,74739.99,5628,49591.68,8.8116,29.99,88,6,1500,4135.0,10.4,0.0,0.0489999684829089
BTR-2203,Kids Pizza Garden Grow Kit,Outdoor Gardening,Garden Kits,Kids,SUP-03,Vietnam,Import,2026-12,2026-12-01,Excess,5,15717.0,12769.0,15712.0,2617.0,0.0,9852.0,9852.0,0.0,0.0,5.0,44.058,112515.3204,138491.92,4602,40550.98,8.8116,29.99,88,6,1500,4135.0,18.6,0.0,0.0489999684829089
BTR-2203,Kids Pizza Garden Grow Kit,Outdoor Gardening,Garden Kits,Kids,SUP-03,Vietnam,Import,2027-01,2027-01-01,In range,4,13417.0,12769.0,15712.0,2300.0,0.0,0.0,0.0,0.0,0.0,0.0,0.0,112515.3204,118225.24,5586,49221.6,8.8116,29.99,88,6,1500,4135.0,15.1,0.0,0.0489999684829089
BTR-2203,Kids Pizza Garden Grow Kit,Outdoor Gardening,Garden Kits,Kids,SUP-03,Vietnam,Import,2027-02,2027-02-01,Excess,5,15714.0,12769.0,15712.0,3331.0,0.0,5628.0,5628.0,0.0,0.0,2.0,17.6232,112515.3204,138465.48,5088,44833.42,8.8116,29.99,88,6,1500,4135.0,17.2,0.0,0.0489999684829089
BTR-2203,Kids Pizza Garden Grow Kit,Outdoor Gardening,Garden Kits,Kids,SUP-03,Vietnam,Import,2027-03,2027-03-01,Excess,5,15715.0,12769.0,15712.0,4601.0,0.0,4602.0,4602.0,0.0,0.0,3.0,26.434800000000003,112515.3204,138474.29,3288,28972.54,8.8116,29.99,88,6,1500,4135.0,17.8,0.0,0.0489999684829089
BTR-2203,Kids Pizza Garden Grow Kit,Outdoor Gardening,Garden Kits,Kids,SUP-03,Vietnam,Import,2027-04,2027-04-01,Excess,5,15717.0,12769.0,15712.0,5584.0,0.0,5586.0,5586.0,0.0,0.0,5.0,44.058,112515.3204,138491.92,0,0.0,8.8116,29.99,88,6,1500,4135.0,20.2,0.0,0.0489999684829089
BTR-2203,Kids Pizza Garden Grow Kit,Outdoor Gardening,Garden Kits,Kids,SUP-03,Vietnam,Import,2027-05,2027-05-01,Excess,5,15714.0,12769.0,15712.0,5091.0,0.0,5088.0,5088.0,0.0,0.0,2.0,17.6232,112515.3204,138465.48,5106,44992.03,8.8116,29.99,88,6,1500,4135.0,24.3,0.0,0.0489999684829089
BTR-2203,Kids Pizza Garden Grow Kit,Outdoor Gardening,Garden Kits,Kids,SUP-03,Vietnam,Import,2027-06,2027-06-01,Excess,5,15714.0,12769.0,15712.0,3288.0,0.0,3288.0,3288.0,0.0,0.0,2.0,17.6232,112515.3204,138465.48,0,0.0,8.8116,29.99,88,6,1500,4135.0,26.6,0.0,0.0489999684829089
BTR-2203,Kids Pizza Garden Grow Kit,Outdoor Gardening,Garden Kits,Kids,SUP-03,Vietnam,Import,2027-07,2027-07-01,In range,4,13224.0,12769.0,15712.0,2490.0,0.0,0.0,0.0,0.0,0.0,0.0,0.0,112515.3204,116524.6,0,0.0,8.8116,29.99,88,6,1500,4135.0,21.9,0.0,0.0489999684829089
BTR-2203,Kids Pizza Garden Grow Kit,Outdoor Gardening,Garden Kits,Kids,SUP-03,Vietnam,Import,2027-08,2027-08-01,Excess,5,15713.0,12769.0,15712.0,2617.0,0.0,5106.0,5106.0,0.0,0.0,1.0,8.8116,112515.3204,138456.67,0,0.0,8.8116,29.99,88,6,1500,4135.0,,0.0,0.0489999684829089
BTR-2204,Garden Gift Set - Grow Your Own,Outdoor Gardening,Garden Kits,Gifting,SUP-03,Vietnam,Import,2026-09,2026-09-01,In transit,3,8097.0,8805.0,10429.0,1408.0,2054.0,0.0,2054.0,708.0,12477.2256,0.0,0.0,155172.276,142695.05,4764,83956.92,17.6232,54.99,88,4,900,4042.0,18.6,0.0,0.0489999684829089
BTR-2204,Garden Gift Set - Grow Your Own,Outdoor Gardening,Garden Kits,Gifting,SUP-03,Vietnam,Import,2026-10,2026-10-01,In range,4,9007.0,8805.0,10429.0,1516.0,2426.0,0.0,2426.0,0.0,0.0,0.0,0.0,155172.276,158732.16,0,0.0,17.6232,54.99,88,4,900,4042.0,20.3,0.0,0.0489999684829089
BTR-2204,Garden Gift Set - Grow Your Own,Outdoor Gardening,Garden Kits,Gifting,SUP-03,Vietnam,Import,2026-11,2026-11-01,Buy,2,7164.0,8805.0,10429.0,1843.0,0.0,0.0,0.0,1641.0,28919.6712,0.0,0.0,155172.276,126252.6,3164,55759.8,17.6232,54.99,88,4,900,4042.0,16.1,0.0,0.0489999684829089
BTR-2204,Garden Gift Set - Grow Your Own,Outdoor Gardening,Garden Kits,Gifting,SUP-03,Vietnam,Import,2026-12,2026-12-01,In range,4,10429.0,8805.0,10429.0,1499.0,0.0,4764.0,4764.0,0.0,0.0,0.0,0.0,155172.276,183792.35,2536,44692.44,17.6232,54.99,88,4,900,4042.0,22.7,0.0,0.0489999684829089
BTR-2204,Garden Gift Set - Grow Your Own,Outdoor Gardening,Garden Kits,Gifting,SUP-03,Vietnam,Import,2027-01,2027-01-01,In range,4,9128.0,8805.0,10429.0,1301.0,0.0,0.0,0.0,0.0,0.0,0.0,0.0,155172.276,160864.57,3040,53574.53,17.6232,54.99,88,4,900,4042.0,19.0,0.0,0.0489999684829089
BTR-2204,Garden Gift Set - Grow Your Own,Outdoor Gardening,Garden Kits,Gifting,SUP-03,Vietnam,Import,2027-02,2027-02-01,Excess,5,10432.0,8805.0,10429.0,1860.0,0.0,3164.0,3164.0,0.0,0.0,3.0,52.869600000000005,155172.276,183845.22,2740,48287.57,17.6232,54.99,88,4,900,4042.0,21.3,0.0,0.0489999684829089
BTR-2204,Garden Gift Set - Grow Your Own,Outdoor Gardening,Garden Kits,Gifting,SUP-03,Vietnam,Import,2027-03,2027-03-01,Excess,5,10431.0,8805.0,10429.0,2537.0,0.0,2536.0,2536.0,0.0,0.0,2.0,35.2464,155172.276,183827.6,1744,30734.86,17.6232,54.99,88,4,900,4042.0,22.2,0.0,0.0489999684829089
BTR-2204,Garden Gift Set - Grow Your Own,Outdoor Gardening,Garden Kits,Gifting,SUP-03,Vietnam,Import,2027-04,2027-04-01,Excess,5,10430.0,8805.0,10429.0,3041.0,0.0,3040.0,3040.0,0.0,0.0,1.0,17.6232,155172.276,183809.98,0,0.0,17.6232,54.99,88,4,900,4042.0,25.3,0.0,0.0489999684829089
BTR-2204,Garden Gift Set - Grow Your Own,Outdoor Gardening,Garden Kits,Gifting,SUP-03,Vietnam,Import,2027-05,2027-05-01,Excess,5,10432.0,8805.0,10429.0,2738.0,0.0,2740.0,2740.0,0.0,0.0,3.0,52.869600000000005,155172.276,183845.22,2660,46877.71,17.6232,54.99,88,4,900,4042.0,30.7,0.0,0.0489999684829089
BTR-2204,Garden Gift Set - Grow Your Own,Outdoor Gardening,Garden Kits,Gifting,SUP-03,Vietnam,Import,2027-06,2027-06-01,Excess,5,10430.0,8805.0,10429.0,1746.0,0.0,1744.0,1744.0,0.0,0.0,1.0,17.6232,155172.276,183809.98,0,0.0,17.6232,54.99,88,4,900,4042.0,33.9,0.0,0.0489999684829089
BTR-2204,Garden Gift Set - Grow Your Own,Outdoor Gardening,Garden Kits,Gifting,SUP-03,Vietnam,Import,2027-07,2027-07-01,In range,4,9124.0,8805.0,10429.0,1306.0,0.0,0.0,0.0,0.0,0.0,0.0,0.0,155172.276,160794.08,0,0.0,17.6232,54.99,88,4,900,4042.0,29.2,0.0,0.0489999684829089
BTR-2204,Garden Gift Set - Grow Your Own,Outdoor Gardening,Garden Kits,Gifting,SUP-03,Vietnam,Import,2027-08,2027-08-01,In range,4,10429.0,8805.0,10429.0,1355.0,0.0,2660.0,2660.0,0.0,0.0,0.0,0.0,155172.276,183792.35,0,0.0,17.6232,54.99,88,4,900,4042.0,,0.0,0.0489999684829089
